pk_shop,date_collected,shopid,name,join_month,join_day,join_year,item_count,follower_count,response_time,response_rate,shop_location,rating_bad,rating_good,rating_normal,rating_star,is_shopee_verified,is_official_shop
20210613254711738,2021-06-13,254711738,hello.may.ph,April,27,2020,446,17487, 10:13:55,96,,181,17510,729,4.81,1,0
20210613314198143,2021-06-13,314198143,love.women.shop,September,25,2020,263,8574, 10:43:05,73,"San Nicolas,Metro Manila",78,2656,198,4.68,0,0
2021061310377223,2021-06-13,10377223,R&O RedOrange,September,27,2016,209,660417, 08:32:07,90,"Pasay City,Metro Manila",4647,1071829,18073,4.91,1,0
2021061321407329,2021-06-13,21407329,patriciacai,April,30,2017,165,18787, 09:10:38,94,"Binondo,Metro Manila",44,18959,215,4.94,1,0
2021061311187885,2021-06-13,11187885,Little Market Manila,October,18,2016,467,67371, 11:40:59,89,"Caloocan City,Metro Manila",680,39252,2383,4.73,1,0
20210613430999411,2021-06-13,430999411,Bellamy House,April,26,2021,115,41, 12:33:58,29,,0,2,0,5.0,0,0
20210613310915998,2021-06-13,310915998,Yihua Women's Wear Hall,September,17,2020,219,30480, 11:00:46,92,,87,16460,408,4.87,1,0
20210613126018720,2021-06-13,126018720,croptop korean top dress,February,12,2019,1444,72704, 11:03:13,95,,354,22350,962,4.8,1,0
20210613312874722,2021-06-13,312874722,Shopping Center boutique,September,22,2020,286,110539, 10:14:49,76,"San Nicolas,Metro Manila",679,28651,2027,4.7,1,0
2021061336754442,2021-06-13,36754442,KathrynClothing,September,30,2017,509,478893, 09:41:23,85,"Taytay,Rizal",4524,217241,10071,4.76,0,0
20210613147240166,2021-06-13,147240166,88jackshop,May,14,2019,225,2413, 08:55:06,77,"Caloocan City,Metro Manila",21,759,70,4.65,0,0
2021061349777615,2021-06-13,49777615,terno pants Infinity dress,December,26,2017,360,153661, 12:07:08,10,"Tondo I / Ii,Metro Manila",3960,178922,8576,4.76,0,0
2021061343841660,2021-06-13,43841660,peterang.999,November,17,2017,1517,63571, 11:57:43,61,"Tondo I / Ii,Metro Manila",809,104231,2070,4.89,0,0
2021061364909141,2021-06-13,64909141,ikon Bra Dress Crop top,April,13,2018,3630,195475, 10:43:46,99,,1809,99426,4793,4.77,0,0
2021061355610731,2021-06-13,55610731,Mark & Markuz,February,6,2018,16,5760, 11:46:01,67,"Candon City,Ilocos Sur",6,1926,25,4.92,0,0
2021061340071360,2021-06-13,40071360,IELGY Women's,October,24,2017,3838,77940, 09:36:00,100,,452,15596,1111,4.66,1,0
2021061336365595,2021-06-13,36365595,korean terno dress,September,27,2017,364,48181, 10:28:02,63,"Binondo,Metro Manila",2353,33468,3730,4.46,0,0
2021061320477406,2021-06-13,20477406,PinSan UnderWear,April,17,2017,215,517911, 08:05:48,94,"Binondo,Metro Manila",7797,608451,24896,4.81,1,0
20210613285493266,2021-06-13,285493266,HMFO Clo.,July,15,2020,34,19781, 10:13:30,92,"Cainta,Rizal",38,7053,155,4.89,1,0
20210613136836256,2021-06-13,136836256,GraBeYan PH,March,30,2019,118,72619, 10:03:06,99,"Pasay City,Metro Manila",289,49948,1234,4.88,1,0
2021061329167960,2021-06-13,29167960,BSCO SENIORITAS,July,30,2017,229,2837, 09:34:41,90,"San Pablo City,Laguna",4,632,9,4.91,0,0
20210613298717077,2021-06-13,298717077,Men's & Women's Clothing Store,August,19,2020,77,15552, 09:52:55,81,,269,5186,413,4.59,0,0
20210613365155177,2021-06-13,365155177,inza-Korean Top & Dress,December,29,2020,252,1267, 11:25:23,40,,1,139,6,4.87,0,0
20210613418672464,2021-06-13,418672464,xuxixi,April,7,2021,220,10180, 09:26:55,95,,5,1771,35,4.91,1,0
20210613311832009,2021-06-13,311832009,ItStyle PH,September,19,2020,10,351, 14:56:24,65,"San Mateo,Rizal",0,73,3,4.9,0,0
2021061312280641,2021-06-13,12280641,R Squared PH,November,12,2016,104,60753, 11:43:29,70,"Taytay,Rizal",299,29940,1050,4.84,1,0
20210613377783794,2021-06-13,377783794,Urban Fashion Hub,January,24,2021,169,6054, 13:09:38,50,"Tondo I / Ii,Metro Manila",13,1717,54,4.84,0,0
20210613140345020,2021-06-13,140345020,Empresas rtw,April,16,2019,111,4270, 11:14:33,58,"Binan City,Laguna",62,1088,120,4.51,0,0
20210613446245515,2021-06-13,446245515,DuoDUO Apparel Store,May,18,2021,128,495, 09:44:54,94,,1,9,1,4.27,0,0
20210613326225532,2021-06-13,326225532,Duolin Apparel Store,October,22,2020,247,30111, 08:35:40,100,,80,11561,213,4.9,1,0
20210613207276020,2021-06-13,207276020,sweetcandyapparel,December,8,2019,137,50164, 11:43:52,90,"Quezon City,Metro Manila",33,9520,173,4.9,1,0
20210613277581138,2021-06-13,277581138,John see way's shop.ph,June,24,2020,426,3256, 09:37:23,95,,13,734,26,4.79,0,0
2021061317325060,2021-06-13,17325060,joymarcelo_rtwclothing,March,1,2017,1117,363501, 11:03:30,81,"San Mateo,Rizal",2432,179465,6072,4.83,1,0
20210613262892165,2021-06-13,262892165,Ano Hanap?,May,16,2020,132,27588, 09:13:35,93,"Quezon City,Metro Manila",76,11471,330,4.87,0,0
2021061319100527,2021-06-13,19100527,Mumu,March,28,2017,293,1616152, 10:13:24,75,"Valenzuela City,Metro Manila",21494,3296136,61481,4.89,1,0
20210613299396535,2021-06-13,299396535,Pretty Comy Women Fashion,August,21,2020,550,66348, 10:40:12,90,,87,13607,339,4.88,0,0
20210613318520270,2021-06-13,318520270,Essentiel Manila,October,6,2020,261,47723, 08:28:44,100,"Angono,Rizal",29,6257,171,4.88,0,0
20210613149749719,2021-06-13,149749719,BSCOÂ® PH,May,23,2019,1096,91438, 11:45:05,53,"Sampaloc,Metro Manila",111,6648,248,4.81,0,0
2021061310615128,2021-06-13,10615128,Hex Manila,October,3,2016,230,116926, 13:16:46,44,"Pasig City,Metro Manila",1023,20038,1992,4.54,0,0
2021061352314109,2021-06-13,52314109,Ja8thy Clothing Shop,January,14,2018,276,145461, 12:48:36,9,"Taytay,Rizal",1912,159687,5684,4.83,0,0
20210613276428558,2021-06-13,276428558,cottonandbuttons,June,20,2020,47,4650, 10:58:45,47,"Taytay,Rizal",19,2832,95,4.85,0,0
2021061339345649,2021-06-13,39345649,HESTIA  CLOSET ðŸŒ¸,October,19,2017,35,26485, 11:42:04,33,"Navotas City,Metro Manila",70,8608,323,4.84,0,0
2021061341311013,2021-06-13,41311013,BuyMorePh,November,2,2017,346,1126855, 08:25:22,84,"Pasig City,Metro Manila",60527,903333,89238,4.49,0,0
2021061331488555,2021-06-13,31488555,WPFashionBRA,August,21,2017,397,331852, 08:07:02,49,"San Nicolas,Metro Manila",3720,349445,11575,4.83,0,0
20210613281266301,2021-06-13,281266301,clothingpalette.10,July,4,2020,68,78903, 11:01:08,35,"Taytay,Rizal",81,26233,456,4.92,0,0
20210613290377398,2021-06-13,290377398,flowershower.ph,July,29,2020,1103,50379, 11:49:38,95,,129,26195,665,4.88,1,0
20210613275875058,2021-06-13,275875058,small__tomato.ph,June,19,2020,495,81352, 09:56:42,94,,424,19152,1072,4.73,0,0
2021061364909636,2021-06-13,64909636,Women T-shirts & Korean Top,April,13,2018,1306,51019, 11:32:50,94,,561,21261,1244,4.7,1,0
20210613287789175,2021-06-13,287789175,libin888.ph,July,22,2020,278,11416, 11:00:36,95,,66,2963,198,4.71,1,0
20210613262845064,2021-06-13,262845064,weabbyph.ph,May,16,2020,378,40210, 10:10:57,79,,113,9964,361,4.83,0,0
2021061359595030,2021-06-13,59595030,LUSMAY,March,7,2018,854,32168, 11:41:13,75,,344,13062,683,4.72,0,0
20210613174274877,2021-06-13,174274877,Fashion& Girl,August,30,2019,330,23092, 11:45:46,72,"Valenzuela City,Metro Manila",1351,36987,2072,4.69,0,0
2021061362651467,2021-06-13,62651467,shoppingaddicts,March,28,2018,1975,29232, 11:30:22,62,,533,17678,1172,4.68,0,0
20210613199847719,2021-06-13,199847719,cooperneo.ph--women fashion,November,15,2019,271,3225, 09:05:28,100,,76,2004,166,4.61,1,0
2021061329808441,2021-06-13,29808441,ELfille 2.0,August,6,2017,128,21450, 10:40:10,88,"Marikina City,Metro Manila",15,4915,73,4.93,1,0
20210613289787386,2021-06-13,289787386,trendybestshops,July,27,2020,82,7161, 12:45:44,67,"Pasay City,Metro Manila",53,5026,235,4.81,0,0
20210613177084026,2021-06-13,177084026,Maj's Collection,September,8,2019,40,630, 09:30:37,83,"Dasmarinas City,Cavite",1,321,3,4.95,0,0
2021061311314636,2021-06-13,11314636,Lush Tiangge RTW Supplier,October,21,2016,189,29172, 12:06:34,8,"Taytay,Rizal",161,21834,511,4.88,0,0
20210613417317962,2021-06-13,417317962,MEIMEITALL,April,5,2021,472,1004, 09:19:38,94,,5,313,12,4.81,1,0
20210613328923168,2021-06-13,328923168,Women's Top,October,28,2020,101,41, 10:24:59,68,"Makati City,Metro Manila",3,68,1,4.75,0,0
20210613141535018,2021-06-13,141535018,Diya Stand,April,22,2019,305,69987, 12:30:35,66,"San Nicolas,Metro Manila",225,34087,872,4.87,1,0
20210613274192652,2021-06-13,274192652,Kate's Corner,June,14,2020,54,2711, 09:42:10,78,"Santo Tomas,Batangas",6,782,19,4.88,0,0
2021061344323965,2021-06-13,44323965,Ukay Distributor PH,November,20,2017,53,304, 08:54:58,56,"Cainta,Rizal",0,14,0,5.0,0,0
20210613244604039,2021-06-13,244604039,Cherry'sBeauty,April,13,2020,848,44716, 08:38:18,100,,122,10355,421,4.81,1,0
2021061386525247,2021-06-13,86525247,samgartrading,August,28,2018,173,11622, 11:21:03,73,"Pasig City,Metro Manila",142,9780,406,4.72,0,0
2021061368266356,2021-06-13,68266356,DRESS CASUAL,May,6,2018,724,26043, 10:54:52,53,"Binondo,Metro Manila",170,11615,376,4.83,0,0
2021061374965889,2021-06-13,74965889,its.la.mode,June,17,2018,14,2665, 09:30:18,58,"Cainta,Rizal",0,202,2,4.9,0,0
20210613273590933,2021-06-13,273590933,Korean. House,June,12,2020,619,3502, 08:00:13,100,,37,1265,89,4.68,0,0
20210613271800741,2021-06-13,271800741,1989minishop,June,7,2020,120,21583, 12:23:35,62,"Pasay City,Metro Manila",278,19107,943,4.79,0,0
2021061367752782,2021-06-13,67752782,Lucky shopping,May,2,2018,560,313073, 11:17:17,94,"Paranaque City,Metro Manila",20771,601242,37280,4.65,0,0
20210613331790042,2021-06-13,331790042,Crop Top & Korean Top,November,3,2020,681,89372, 11:17:25,99,,160,15753,474,4.85,0,0
20210613401079546,2021-06-13,401079546,Huidong,March,11,2021,22,481, 08:52:37,95,"Sampaloc,Metro Manila",0,149,8,4.78,0,0
20210613352470129,2021-06-13,352470129,Chichi_,December,8,2020,82,1345, 09:06:59,99,"Antipolo City,Rizal",10,1018,30,4.86,0,0
2021061323250659,2021-06-13,23250659,Vida Swimwear,May,24,2017,1177,379504, 11:09:56,89,"Valenzuela City,Metro Manila",3485,431961,12107,4.86,1,0
20210613264590394,2021-06-13,264590394,CLAIRE CLOTHING,May,20,2020,518,192253, 09:39:04,84,"Taytay,Rizal",1424,66907,3262,4.76,0,0
2021061353723999,2021-06-13,53723999,fashion wear 111,January,24,2018,276,7507, 12:41:50,79,"San Nicolas,Metro Manila",108,8795,269,4.84,0,0
2021061336637203,2021-06-13,36637203,terno skirt dress,September,29,2017,150,118274, 10:15:46,76,"San Nicolas,Metro Manila",2419,61937,5221,4.62,1,0
20210613259027993,2021-06-13,259027993,ZIAsPreloved,May,7,2020,382,221, 13:14:25,42,"Paranaque City,Metro Manila",3,424,11,4.88,0,0
20210613133089351,2021-06-13,133089351,goodseller999,March,13,2019,255,1457, 09:55:24,73,"Binondo,Metro Manila",74,2205,197,4.62,0,0
20210613312554902,2021-06-13,312554902,wanru.ph,September,21,2020,1019,952, 10:44:06,72,,10,340,21,4.69,0,0
2021061350106625,2021-06-13,50106625,LGOH.PH,December,28,2017,308,58724, 11:20:03,75,"Pasay City,Metro Manila",502,56164,1498,4.87,0,0
2021061339898577,2021-06-13,39898577,shienacu,October,23,2017,363,46946, 09:48:05,98,"San Nicolas,Metro Manila",322,46936,1102,4.88,0,0
20210613140134509,2021-06-13,140134509,sanshop.ph,April,15,2019,237,3145, 09:06:02,81,"Caloocan City,Metro Manila",23,814,68,4.66,0,0
20210613194667188,2021-06-13,194667188,WSD.ph,November,3,2019,323,4197, 10:18:28,95,"Tondo I / Ii,Metro Manila",133,3102,321,4.56,0,0
20210613254758936,2021-06-13,254758936,Mr.H_Fashion Clothes,April,27,2020,399,16169, 09:47:04,100,,204,2950,305,4.48,0,0
20210613403612075,2021-06-13,403612075,Kaabin,March,15,2021,59,540, 09:28:00,99,,15,247,26,4.52,0,0
20210613289910163,2021-06-13,289910163,Youth time,July,28,2020,387,6813, 08:28:04,99,,61,1045,96,4.54,1,0
2021061352899158,2021-06-13,52899158,shineshop168,January,18,2018,350,5675, 09:49:47,92,"Pasay City,Metro Manila",161,13533,385,4.86,0,0
20210613398300573,2021-06-13,398300573,ATS.shop,March,6,2021,32,124, 12:56:29,16,"Binondo,Metro Manila",8,387,27,4.71,0,0
20210613315439847,2021-06-13,315439847,HY Store,September,28,2020,116,10152, 09:37:05,99,,286,4283,465,4.5,1,0
20210613123995062,2021-06-13,123995062,Anik Shop PH,February,1,2019,72,12840, 12:30:55,50,"Taytay,Rizal",58,8264,217,4.87,0,0
20210613133940798,2021-06-13,133940798,mengyishi,March,17,2019,197,20657, 11:54:58,65,"Valenzuela City,Metro Manila",652,30841,1416,4.77,0,0
20210613114762325,2021-06-13,114762325,Leonora's Boutique For A Cause,December,16,2018,166,47129, 11:32:09,67,"Taytay,Rizal",67,16951,224,4.92,0,0
20210613349628990,2021-06-13,349628990,5ngyzt5ebj,December,3,2020,99,6902, 10:42:00,90,"Pasay City,Metro Manila",126,5062,252,4.75,0,0
2021061326854293,2021-06-13,26854293,BIHU WANG,July,3,2017,1775,46449, 10:46:36,81,"Santa Cruz,Metro Manila",1793,61536,3926,4.68,0,0
20210613405162349,2021-06-13,405162349,Tooyooman,March,17,2021,19,38, 09:48:54,99,,1,8,0,4.56,0,0
20210613452978553,2021-06-13,452978553,Y & T,May,28,2021,23,80, 08:26:28,100,"Pasay City,Metro Manila",0,0,0,,0,0
20210613371422543,2021-06-13,371422543,Mollge,January,11,2021,73,2801, 09:54:54,100,,88,1467,126,4.54,0,0
20210613400651816,2021-06-13,400651816,C&J style Men's,March,10,2021,572,1007, 10:10:24,68,,17,116,19,4.24,0,0
20210613273569988,2021-06-13,273569988,sy1688,June,12,2020,229,8734, 11:20:07,17,"Paranaque City,Metro Manila",456,6662,666,4.5,0,0
2021061339587061,2021-06-13,39587061,wolfzone online shop,October,20,2017,526,32253, 11:21:13,63,"Bacoor,Cavite",1932,43963,3345,4.61,0,0
20210613315447242,2021-06-13,315447242,liwen.ph,September,28,2020,219,749, 08:13:15,93,,32,283,29,4.38,0,0
20210613266644184,2021-06-13,266644184,JUNEtime Shop,May,26,2020,931,32425, 09:18:17,99,,631,15205,1311,4.6,1,0
20210613302250255,2021-06-13,302250255,Zero Tide Hanbok,August,28,2020,747,11616, 08:46:11,96,,128,3757,314,4.63,0,0
2021061351801232,2021-06-13,51801232,DriFIT,January,10,2018,62,15443, 10:43:03,95,"Valenzuela City,Metro Manila",278,22580,796,4.82,0,0
20210613156756973,2021-06-13,156756973,huiluotuo.ph,June,20,2019,383,10123, 11:14:21,80,,322,6228,529,4.57,0,0
2021061349774260,2021-06-13,49774260,Angelfashion.shop,December,26,2017,1093,37108, 10:51:16,57,"Tondo I / Ii,Metro Manila",732,36688,1782,4.76,0,0
20210613414866159,2021-06-13,414866159, Youku Shangyi fashion store,April,1,2021,340,129, 09:13:18,68,,0,8,0,4.88,0,0
20210613268037290,2021-06-13,268037290,AGB.Fashion,May,29,2020,176,11498, 09:43:53,87,"Valenzuela City,Metro Manila",111,13473,428,4.85,0,0
2021061350114777,2021-06-13,50114777,BCUA Lingerie Bra and Panty,December,28,2017,526,110329, 10:40:19,63,"Pasay City,Metro Manila",6074,311559,14262,4.77,0,0
2021061353430392,2021-06-13,53430392,bitsandpieces shop,January,22,2018,382,293, 09:28:13,60,"Taguig City,Metro Manila",0,164,5,4.92,0,0
2021061369635896,2021-06-13,69635896,DD-ONE  Fashion shop,May,16,2018,212,13319, 10:30:23,89,"Pasay City,Metro Manila",152,9573,431,4.8,0,0
2021061364151604,2021-06-13,64151604,HUILISHI MEN'S FASHIONG,April,7,2018,229,32361, 10:09:57,89,"Pasay City,Metro Manila",714,43716,1657,4.8,0,0
2021061347114599,2021-06-13,47114599,Simplediva,December,9,2017,79,34380, 10:10:54,90,"Valenzuela City,Metro Manila",779,62941,2108,4.82,1,0
20210613311167337,2021-06-13,311167337,Korean House,September,18,2020,318,1186, 09:49:57,97,,14,541,43,4.66,0,0
2021061335369989,2021-06-13,35369989,ICM.STORE,September,19,2017,272,58193, 11:53:55,35,"Navotas City,Metro Manila",2400,68481,4270,4.67,0,0
2021061335902344,2021-06-13,35902344,SHOP HUILISHI,September,24,2017,222,57752, 12:32:27,83,"Pasay City,Metro Manila",721,58625,1998,4.82,1,0
20210613262503614,2021-06-13,262503614,juness.ph,May,15,2020,598,26089, 08:55:41,96,,207,7125,550,4.65,0,0
20210613301669184,2021-06-13,301669184,Crown Tshirt,August,27,2020,301,34527, 08:19:55,100,"Quezon City,Metro Manila",74,15589,304,4.9,0,1
20210613328781757,2021-06-13,328781757,Giselle G&G shop,October,28,2020,315,22452, 09:42:13,92,,22,3463,91,4.88,1,0
20210613100571933,2021-06-13,100571933,AT.clothes,November,1,2018,302,6417, 09:41:36,94,,68,4463,169,4.8,0,0
20210613194688134,2021-06-13,194688134,7new.shop,November,3,2019,398,6064, 09:43:17,99,"Tondo I / Ii,Metro Manila",184,5136,448,4.62,0,0
20210613331422352,2021-06-13,331422352,ROSEPARKSHOP,November,2,2020,430,1014, 09:25:42,96,"Binondo,Metro Manila",6,497,25,4.79,0,0
20210613276895504,2021-06-13,276895504,MC.com,June,22,2020,261,26457, 10:33:07,34,"Pasay City,Metro Manila",1220,22394,2265,4.53,0,0
2021061362404318,2021-06-13,62404318,LuckyFashion,March,26,2018,315,230442, 10:16:57,54,"Navotas City,Metro Manila",6536,294768,14530,4.74,0,0
20210613237008067,2021-06-13,237008067,KT Clothing Studio,March,18,2020,2832,66472, 08:46:30,99,,1248,30015,2460,4.59,1,0
20210613331814357,2021-06-13,331814357,Pretty women fashion city,November,3,2020,248,18909, 10:32:53,75,"San Nicolas,Metro Manila",164,5128,411,4.65,1,0
20210613139558229,2021-06-13,139558229,media.ph,April,12,2019,335,43612, 09:08:34,100,"Tondo I / Ii,Metro Manila",1430,31132,2978,4.56,0,0
20210613171344353,2021-06-13,171344353,sky171,August,19,2019,350,4356, 10:52:21,87,"Tondo I / Ii,Metro Manila",174,3728,382,4.56,0,0
2021061350115524,2021-06-13,50115524,Huaerfei Online,December,28,2017,535,155416, 11:14:00,92,"Paranaque City,Metro Manila",7581,178862,12856,4.61,0,0
2021061386411248,2021-06-13,86411248,EMILI-Y & U-VY FASHION,August,27,2018,673,482461, 08:58:06,96,"Las Pinas City,Metro Manila",10544,818211,31608,4.81,0,0
20210613343498159,2021-06-13,343498159,men_clothes.ph,November,23,2020,1178,620, 10:26:29,97,,17,252,25,4.48,0,0
20210613263745732,2021-06-13,263745732,bingjian.ph,May,18,2020,427,25500, 10:27:10,97,,719,10432,1144,4.47,0,0
20210613214411474,2021-06-13,214411474,tantanyf.ph ,December,27,2019,246,26289, 09:28:40,90,,33,3461,82,4.87,0,0
202106136381125,2021-06-13,6381125,somura.ph,June,3,2016,1490,253606, 10:13:44,95,"Quezon City,Metro Manila",1702,200469,5498,4.86,0,0
20210613303372405,2021-06-13,303372405,GDTima2.ph,August,31,2020,645,56539, 10:03:02,97,,217,13693,625,4.78,0,0
20210613365058565,2021-06-13,365058565,LUCKY.HOUSE,December,29,2020,267,667, 13:44:38,43,"Tondo I / Ii,Metro Manila",8,444,15,4.83,0,0
20210613187135110,2021-06-13,187135110,shesgirl.ph Crop top KoreanTop,October,10,2019,1721,59045, 10:55:11,97,,326,16800,494,4.82,0,0
20210613341350505,2021-06-13,341350505,xiaoran.ph,November,19,2020,1142,45406, 09:05:17,99,,45,4822,119,4.87,1,0
20210613258468274,2021-06-13,258468274,MON AMIE PH,May,6,2020,426,142761, 12:05:33,47,"Taytay,Rizal",821,143973,2863,4.9,0,0
2021061345837310,2021-06-13,45837310,superhappybuy.ph,December,1,2017,4601,158604, 11:26:35,92,,2525,92144,5654,4.7,1,0
2021061332632247,2021-06-13,32632247,WALIn shoes ðŸ‘ ,August,30,2017,873,221065, 11:13:46,27,"Binondo,Metro Manila",603,106792,2028,4.9,0,0
20210613347488706,2021-06-13,347488706,X.Y fashion,November,30,2020,443,2525, 09:20:42,99,,29,758,59,4.62,1,0
20210613462140676,2021-06-13,462140676,YULINMM.ph,June,8,2021,109,48, 08:29:42,100,,0,0,0,,0,0
2021061381430775,2021-06-13,81430775,soulya.ph,July,27,2018,427,42677, 11:28:29,82,,61,4773,234,4.77,0,0
2021061349777359,2021-06-13,49777359,Annahong,December,26,2017,176,9880, 13:25:29,1,"Tondo I / Ii,Metro Manila",118,7086,295,4.8,0,0
20210613328633553,2021-06-13,328633553,LA LUNA FASHION,October,28,2020,126,986, 11:36:34,37,"Taytay,Rizal",6,265,8,4.83,0,0
20210613345811478,2021-06-13,345811478,Fashion Front Clothing,November,27,2020,459,5858, 09:19:53,100,,6,801,34,4.82,1,0
2021061340117429,2021-06-13,40117429,felicelife.ph,October,24,2017,1675,131651, 11:43:40,90,,2124,85735,5005,4.71,1,0
20210613345537112,2021-06-13,345537112,Alice_.ph,November,26,2020,253,655, 09:50:40,89,,4,162,9,4.73,0,0
2021061325811092,2021-06-13,25811092,angelcity.ðŸ’‹,June,17,2017,249,826733, 09:48:26,31,"Pasay City,Metro Manila",12714,663959,28901,4.77,0,0
2021061338991063,2021-06-13,38991063,as fashion,October,16,2017,843,16687, 10:19:05,92,"Tondo I / Ii,Metro Manila",90,5827,166,4.82,0,0
20210613192699788,2021-06-13,192699788,korean top and oversized shirt,October,28,2019,1449,29037, 12:16:57,76,,116,9628,394,4.82,0,0
2021061338991357,2021-06-13,38991357,Fantasyshoppe,October,16,2017,392,38282, 11:08:59,84,"Binondo,Metro Manila",643,35075,1164,4.81,0,0
2021061336222507,2021-06-13,36222507,Beauty Fashion,September,26,2017,556,22720, 09:42:23,88,"Pasay City,Metro Manila",290,17007,661,4.8,0,0
202106135302656,2021-06-13,5302656,Ulzzaang.ph,May,3,2016,405,138085, 10:35:10,78,"Bacoor,Cavite",185,25268,631,4.87,0,0
20210613309751081,2021-06-13,309751081,peijiahao.ph,September,14,2020,441,95033, 10:59:29,71,,922,22042,2656,4.52,0,0
2021061315173489,2021-06-13,15173489,BuyMePH,January,15,2017,744,153730, 10:36:47,88,"Pasig City,Metro Manila",2506,283075,8109,4.85,1,0
20210613293797864,2021-06-13,293797864,MJ Direct Supplier,August,7,2020,98,39006, 11:26:36,78,"Mandaluyong City,Metro Manila",62,9455,281,4.86,0,0
2021061325717546,2021-06-13,25717546,Vivena,June,16,2017,712,188046, 11:40:56,68,"Santa Cruz,Metro Manila",1995,214465,6286,4.85,0,0
20210613449754824,2021-06-13,449754824,Beauty girl clothing store,May,23,2021,120,145, 09:17:20,92,,0,4,0,4.75,0,0
20210613325618926,2021-06-13,325618926,Be Young Life,October,21,2020,108,11783, 10:02:45,92,,22,2243,67,4.86,1,0
2021061346399675,2021-06-13,46399675,ABUBOT_PH,December,5,2017,420,1899961, 10:27:14,61,"Pasig City,Metro Manila",100153,1938488,146220,4.58,0,0
2021061336247807,2021-06-13,36247807,NO1 casual dress,September,26,2017,371,340347, 10:32:37,76,"San Nicolas,Metro Manila",12262,238163,21576,4.55,1,0
2021061364360491,2021-06-13,64360491,Yzkzks.ph,April,9,2018,600,78524, 10:17:58,95,"Pasay City,Metro Manila",380,53561,1123,4.89,0,0
20210613348906275,2021-06-13,348906275,Beauty Court,December,2,2020,177,198, 09:24:32,74,"Makati City,Metro Manila",4,58,5,4.52,0,0
2021061350582861,2021-06-13,50582861,Miss A PH,January,1,2018,393,67453, 11:52:47,55,"Taytay,Rizal",310,50352,1215,4.88,0,0
20210613396605392,2021-06-13,396605392,Akistore.ph,March,3,2021,68,22, 08:03:34,82,,0,0,0,,0,0
2021061355748694,2021-06-13,55748694,SS Swim Shop Fashion,February,7,2018,387,1507685, 10:37:11,81,"Taytay,Rizal",23375,1158282,58979,4.75,0,0
20210613130651949,2021-06-13,130651949,S & U,March,3,2019,368,41855, 10:40:51,82,"San Nicolas,Metro Manila",591,42107,1490,4.82,0,0
202106131083822,2021-06-13,1083822,Naked Clothing PH,October,11,2015,485,376613, 11:50:52,58,"Taytay,Rizal",2245,324849,7767,4.88,0,0
2021062111187885,2021-06-21,11187885,Little Market Manila,October,18,2016,453,69270, 12:00:06,89,"Caloocan City,Metro Manila",731,41417,2521,4.73,1,0
2021062110377223,2021-06-21,10377223,R&O RedOrange,September,27,2016,214,681865, 08:35:13,90,"Pasay City,Metro Manila",4794,1107287,18584,4.91,1,0
20210621293797864,2021-06-21,293797864,MJ Direct Supplier,August,7,2020,100,39768, 11:14:41,78,"Mandaluyong City,Metro Manila",62,9766,292,4.87,0,0
20210621404554570,2021-06-21,404554570,huizhouhongji668,March,16,2021,11,1536, 09:03:07,99,"Sampaloc,Metro Manila",13,617,61,4.63,0,0
2021062138991357,2021-06-21,38991357,Fantasyshoppe,October,16,2017,397,39193, 11:18:18,83,"Binondo,Metro Manila",649,35594,1178,4.81,0,0
2021062125717546,2021-06-21,25717546,Vivena,June,16,2017,714,189108, 11:28:00,67,"Santa Cruz,Metro Manila",2026,218948,6399,4.85,0,0
20210621310915998,2021-06-21,310915998,Yihua Women's Wear Hall,September,17,2020,213,30622, 11:21:34,89,,88,16642,412,4.87,1,0
2021062121407329,2021-06-21,21407329,patriciacai,April,30,2017,165,18860, 09:18:37,95,"Binondo,Metro Manila",44,19080,217,4.94,1,0
2021062136637203,2021-06-21,36637203,terno skirt dress,September,29,2017,150,120038, 10:17:37,77,"San Nicolas,Metro Manila",2474,63448,5366,4.62,1,0
20210621130651949,2021-06-21,130651949,S & U,March,3,2019,374,44187, 10:47:39,83,"San Nicolas,Metro Manila",606,43468,1513,4.82,0,0
2021062143841660,2021-06-21,43841660,peterang.999,November,17,2017,1520,63886, 12:13:00,59,"Tondo I / Ii,Metro Manila",812,105045,2093,4.89,0,0
20210621449754824,2021-06-21,449754824,Beauty girl clothing store,May,23,2021,143,234, 08:54:28,86,,0,6,2,4.25,0,0
2021062155748694,2021-06-21,55748694,SS Swim Shop Fashion,February,7,2018,314,1535441, 10:13:49,81,"Taytay,Rizal",24115,1192269,60709,4.75,0,0
20210621426357053,2021-06-21,426357053,hzl123.ph,April,19,2021,127,27, 11:08:36,78,,0,2,0,5.0,0,0
202106211083822,2021-06-21,1083822,Naked Clothing PH,October,11,2015,490,388283, 12:12:37,54,"Taytay,Rizal",2304,331690,7926,4.88,0,0
20210621396605392,2021-06-21,396605392,Akistore.ph,March,3,2021,73,45, 08:03:08,84,,0,2,0,5.0,0,0
20210621328633553,2021-06-21,328633553,LA LUNA FASHION,October,28,2020,145,1106, 10:09:16,43,"Taytay,Rizal",6,281,11,4.81,0,0
20210621431447101,2021-06-21,431447101,YIYI GIRL ,April,27,2021,100,1755, 08:42:19,100,"Santa Cruz,Metro Manila",0,345,12,4.87,1,0
20210621312990876,2021-06-21,312990876,supplierhijabfashion.ph,September,22,2020,1201,4684, 08:00:01,100,,276,1580,303,4.06,0,0
202106215302656,2021-06-21,5302656,Ulzzaang.ph,May,3,2016,406,141685, 10:30:02,83,"Bacoor,Cavite",187,25565,637,4.87,0,0
20210621294013171,2021-06-21,294013171,Ladyfair Fashion and Beauty,August,8,2020,35,64287, 09:55:25,100,"Malabon City,Metro Manila",78,6772,247,4.82,0,0
20210621297008262,2021-06-21,297008262,Jimei Shop,August,15,2020,31,455, 12:01:35,74,,3,116,8,4.68,0,0
20210621180767252,2021-06-21,180767252,korean top&Crop Top,September,19,2019,2143,13023, 10:43:49,30,,144,5517,406,4.69,0,0
2021062133547364,2021-06-21,33547364,elegant dress,September,6,2017,361,396132, 10:14:16,96,"Binondo,Metro Manila",12180,210522,18119,4.55,0,0
2021062120477406,2021-06-21,20477406,PinSan UnderWear,April,17,2017,217,524899, 08:05:03,94,"Binondo,Metro Manila",7992,620347,25459,4.8,1,0
20210621299396535,2021-06-21,299396535,Pretty Comy Women Fashion,August,21,2020,564,67148, 10:41:17,88,,88,13851,343,4.88,0,0
2021062112280641,2021-06-21,12280641,R Squared PH,November,12,2016,97,62492, 11:45:37,69,"Taytay,Rizal",310,30950,1080,4.84,1,0
2021062125587666,2021-06-21,25587666,Kily.Ph Online,June,15,2017,326,1172325, 12:02:33,73,"Taytay,Rizal",16183,877459,40603,4.77,1,0
2021062136365595,2021-06-21,36365595,korean terno dress,September,27,2017,369,48268, 10:17:14,63,"Binondo,Metro Manila",2359,33645,3738,4.46,0,0
20210621276895504,2021-06-21,276895504,MC.com,June,22,2020,264,26942, 10:51:12,29,"Valenzuela City,Metro Manila",1258,23096,2342,4.53,0,0
2021062119100527,2021-06-21,19100527,Mumu,March,28,2017,296,1640368, 10:12:48,74,"Valenzuela City,Metro Manila",21703,3339616,62398,4.89,1,0
2021062117325060,2021-06-21,17325060,joymarcelo_rtwclothing,March,1,2017,1146,366480, 10:42:26,81,"San Mateo,Rizal",2439,180971,6127,4.83,1,0
20210621316239219,2021-06-21,316239219,keykeyshop.ph,September,30,2020,326,3644, 08:00:01,100,,79,1188,171,4.43,0,0
20210621276428558,2021-06-21,276428558,cottonandbuttons,June,20,2020,47,5138, 11:04:43,41,"Taytay,Rizal",23,3045,99,4.85,0,0
20210621218401063,2021-06-21,218401063,Corona Online Store,January,11,2020,227,18939, 09:09:05,82,"Iloilo City,Iloilo",229,6553,495,4.64,0,0
2021062151952313,2021-06-21,51952313,Thala's Shoppe,January,11,2018,12,2554, 11:07:02,78,"Caloocan City,Metro Manila",3,273,10,4.84,0,0
2021062110615128,2021-06-21,10615128,Hex Manila,October,3,2016,233,119053, 12:58:25,38,"Pasig City,Metro Manila",1045,20505,2031,4.54,0,0
20210621298717077,2021-06-21,298717077,Men's & Women's Clothing Store,August,19,2020,77,16184, 10:09:49,76,,294,5566,454,4.59,0,0
2021062131488555,2021-06-21,31488555,WPFashionBRA,August,21,2017,387,335277, 08:08:40,47,"San Nicolas,Metro Manila",3772,355670,11793,4.83,0,0
2021062149776252,2021-06-21,49776252,Wallet,December,26,2017,372,837038, 11:56:51,83,"Quezon City,Metro Manila",40184,2156674,84929,4.79,0,0
20210621373517388,2021-06-21,373517388,Posh mo yan,January,15,2021,118,1761, 09:24:33,98,"Antipolo City,Rizal",22,1278,50,4.81,0,0
20210621328781757,2021-06-21,328781757,Giselle G&G shop,October,28,2020,280,23114, 09:35:49,89,,22,3613,96,4.88,1,0
20210621144287446,2021-06-21,144287446,DVX Divisoria Extension,May,3,2019,1585,528163, 09:40:33,86,"Caloocan City,Metro Manila",5468,890508,15482,4.9,0,0
20210621273094218,2021-06-21,273094218,xiaoyi.ph,June,11,2020,126,52192, 08:34:25,99,,127,15456,463,4.85,1,0
20210621318520270,2021-06-21,318520270,Essentiel Manila,October,6,2020,261,49936, 08:34:11,100,"Angono,Rizal",29,6702,181,4.88,0,0
20210621207276020,2021-06-21,207276020,sweetcandyapparel,December,8,2019,137,50564, 11:57:04,90,"Quezon City,Metro Manila",34,9783,173,4.9,1,0
2021062139345649,2021-06-21,39345649,HESTIA  CLOSET ðŸŒ¸,October,19,2017,37,26913, 11:05:38,30,"Navotas City,Metro Manila",76,9217,348,4.84,0,0
20210621281266301,2021-06-21,281266301,clothingpalette.10,July,4,2020,69,82706, 11:08:30,28,"Taytay,Rizal",89,28307,504,4.92,0,0
20210621155121457,2021-06-21,155121457,Aileen Fashion,June,13,2019,978,3868, 10:13:50,80,"San Nicolas,Metro Manila",27,8058,154,4.91,0,0
2021062115700195,2021-06-21,15700195,Jayson&Dhk Jeans,January,26,2017,645,50576, 11:54:22,80,"Binondo,Metro Manila",903,71569,2801,4.8,1,0
2021062140117535,2021-06-21,40117535,Women Blouses | MYQUEEN,October,24,2017,1822,105989, 10:03:44,92,,3331,75360,6463,4.58,1,0
20210621417317962,2021-06-21,417317962,MEIMEITALL,April,5,2021,477,1430, 09:20:04,96,,7,471,19,4.82,1,0
2021062185464254,2021-06-21,85464254,R.M SHOP,August,21,2018,339,8234, 12:03:39,24,"Binondo,Metro Manila",84,13232,327,4.88,0,0
2021062110948598,2021-06-21,10948598,OnlyYouth,October,11,2016,432,139472, 12:11:09,3,"Caloocan City,Metro Manila",1967,151821,4265,4.84,0,0
20210621324698020,2021-06-21,324698020,CN Store,October,19,2020,65,4349, 11:56:24,52,,57,1363,126,4.58,1,0
20210621306257177,2021-06-21,306257177,yiwuhansheng.ph,September,7,2020,200,875, 08:25:10,91,,9,187,15,4.59,0,0
2021062138951351,2021-06-21,38951351,comeandbuy Bra Crop,October,16,2017,3567,116168, 10:02:29,94,,3719,111876,7452,4.66,0,0
2021062150579919,2021-06-21,50579919,Dayday Collection,January,1,2018,17,774, 10:45:25,34,"Calamba City,Laguna",2,103,3,4.83,0,0
20210621317527502,2021-06-21,317527502,"Women's clothing, underwear",October,3,2020,22,666, 09:52:27,97,"Sampaloc,Metro Manila",6,215,22,4.65,0,0
2021062140117429,2021-06-21,40117429,felicelife.ph,October,24,2017,1657,132404, 11:53:53,85,,2132,86057,5021,4.71,1,0
20210621258468274,2021-06-21,258468274,MON AMIE PH,May,6,2020,431,149124, 11:47:03,45,"Taytay,Rizal",863,148497,2982,4.9,0,0
20210621323746985,2021-06-21,323746985,natapparel,October,17,2020,12,57, 10:42:14,56,"Quezon City,Metro Manila",2,312,6,4.85,0,0
2021062140841188,2021-06-21,40841188,XiaoZhaiNv Women's clothing,October,30,2017,1989,104471, 09:05:33,100,,299,28834,905,4.83,1,0
20210621141535018,2021-06-21,141535018,Diya Stand,April,22,2019,305,70870, 12:22:33,56,"San Nicolas,Metro Manila",230,34571,883,4.87,1,0
20210621331790042,2021-06-21,331790042,Crop Top & Korean Top,November,3,2020,685,89903, 11:28:04,100,,173,16285,494,4.85,0,0
20210621308480041,2021-06-21,308480041,Magic pocket,September,11,2020,53,975, 11:31:04,18,,2,211,16,4.73,0,0
20210621452323746,2021-06-21,452323746,havini.ph,May,27,2021,439,660, 09:55:14,96,,0,24,2,4.85,0,0
20210621275875058,2021-06-21,275875058,small__tomato.ph,June,19,2020,2648,83086, 10:00:39,95,,429,19397,1081,4.74,0,0
20210621196673372,2021-06-21,196673372,Fashion Women Clothes Shop,November,8,2019,624,14114, 12:25:59,46,,72,2622,131,4.73,0,0
20210621254711738,2021-06-21,254711738,hello.may.ph,April,27,2020,432,17601, 09:56:37,95,,183,17612,733,4.81,1,0
2021062164909636,2021-06-21,64909636,Women T-shirts & Korean Top,April,13,2018,1276,51268, 11:29:41,94,,562,21411,1251,4.7,1,0
2021062150822877,2021-06-21,50822877,Stylelaland,January,3,2018,515,72146, 12:05:11,73,"Taytay,Rizal",282,26168,1037,4.81,0,0
20210621290377008,2021-06-21,290377008,karastore.ph,July,29,2020,978,17722, 12:19:37,73,,41,7223,168,4.88,1,0
20210621449127685,2021-06-21,449127685,sixonegirl.ph,May,22,2021,65,69, 09:32:00,100,,0,3,0,5.0,0,0
20210621307419427,2021-06-21,307419427,shanshan.ph,September,9,2020,165,2092, 12:33:31,70,,29,1897,123,4.75,0,0
2021062141311013,2021-06-21,41311013,BuyMorePh,November,2,2017,350,1156124, 08:31:09,84,"Pasig City,Metro Manila",61440,927482,91025,4.49,0,0
20210621187135110,2021-06-21,187135110,shesgirl.ph Crop top KoreanTop,October,10,2019,1497,59192, 11:22:37,95,,330,17053,499,4.82,0,0
20210621262845064,2021-06-21,262845064,weabbyph.ph,May,16,2020,320,40450, 10:35:14,69,,114,10086,362,4.83,0,0
2021062186525247,2021-06-21,86525247,samgartrading,August,28,2018,173,11656, 11:35:22,73,"Pasig City,Metro Manila",146,9928,410,4.72,0,0
2021062136929169,2021-06-21,36929169,Awesome Ph,October,1,2017,530,37042, 10:14:13,85,"Taytay,Rizal",194,9070,479,4.75,0,0
20210621172176021,2021-06-21,172176021,COSHOP - women's clothes,August,22,2019,271,2834, 09:39:18,97,,96,3522,240,4.69,1,0
20210621401079546,2021-06-21,401079546,Huidong,March,11,2021,22,501, 08:48:19,95,"Sampaloc,Metro Manila",0,164,8,4.78,0,0
20210621325618926,2021-06-21,325618926,Be Young Life,October,21,2020,109,12674, 09:55:38,96,,22,2466,72,4.86,1,0
2021062111314636,2021-06-21,11314636,Lush Tiangge RTW Supplier,October,21,2016,192,30711, 11:43:57,7,"Taytay,Rizal",164,22592,530,4.88,0,0
20210621192699788,2021-06-21,192699788,korean top and oversized shirt,October,28,2019,1376,29823, 12:52:46,68,,120,9837,402,4.82,0,0
2021062136222507,2021-06-21,36222507,Beauty Fashion,September,26,2017,553,23206, 09:32:24,85,"Pasay City,Metro Manila",293,17314,671,4.8,0,0
20210621365058565,2021-06-21,365058565,LUCKY.HOUSE,December,29,2020,286,697, 13:15:52,47,"Tondo I / Ii,Metro Manila",8,518,17,4.83,0,0
2021062142199012,2021-06-21,42199012,showmestyle.ph,November,8,2017,1604,19929, 12:24:38,76,,592,19123,1121,4.7,0,0
20210621303372405,2021-06-21,303372405,GDTima2.ph,August,31,2020,633,57495, 10:03:33,98,,225,14264,663,4.77,0,0
20210621162058206,2021-06-21,162058206,Wanderwoman0920,July,11,2019,103,482, 09:07:15,66,"Tondo I / Ii,Metro Manila",2,592,7,4.94,0,0
20210621288394116,2021-06-21,288394116,Z&HðŸŒ¿shop,July,23,2020,336,14746, 08:52:29,99,,30,5529,161,4.86,1,0
20210621270376961,2021-06-21,270376961,Trendy Tops below 99,June,4,2020,11,2039, 09:36:40,51,"Taytay,Rizal",6,882,25,4.87,0,0
20210621368444703,2021-06-21,368444703,Shopping Your Wardrobe,January,5,2021,159,993, 09:43:02,61,"Caloocan City,Metro Manila",4,172,5,4.79,0,0
2021062179439002,2021-06-21,79439002,J.A Online Shop,July,15,2018,205,15891, 11:18:49,16,"Mandaluyong City,Metro Manila",65,3570,205,4.74,0,0
20210621400757425,2021-06-21,400757425,baboland.ph,March,10,2021,79,185, 09:43:03,93,,1,65,5,4.69,1,0
2021062146399675,2021-06-21,46399675,ABUBOT_PH,December,5,2017,422,1937979, 10:15:58,55,"Pasig City,Metro Manila",101304,2004249,149128,4.58,0,0
2021062123250659,2021-06-21,23250659,Vida Swimwear,May,24,2017,1180,383910, 11:10:20,89,"Valenzuela City,Metro Manila",3534,438932,12284,4.86,1,0
20210621432495624,2021-06-21,432495624,old uncle,April,28,2021,77,205, 10:23:35,95,,1,51,3,4.78,0,0
2021062164151604,2021-06-21,64151604,HUILISHI MEN'S FASHIONG,April,7,2018,230,32869, 10:11:57,89,"Pasay City,Metro Manila",749,46096,1728,4.81,0,0
20210621161746899,2021-06-21,161746899,Elegant Men's Clothing Store,July,10,2019,311,1929, 10:25:23,52,,59,749,81,4.45,0,0
20210621262503614,2021-06-21,262503614,juness.ph,May,15,2020,571,26366, 09:01:03,95,,210,7193,558,4.64,0,0
20210621283754579,2021-06-21,283754579,No. 3 men's clothing store,July,10,2020,632,10925, 11:05:53,78,,308,4705,576,4.45,0,0
20210621372895129,2021-06-21,372895129,haibinzoulu.ph,January,14,2021,124,1942, 08:36:38,100,,33,1647,81,4.75,1,0
20210621414866159,2021-06-21,414866159, Youku Shangyi fashion store,April,1,2021,431,150, 09:07:50,75,,0,14,1,4.67,0,0
2021062144365222,2021-06-21,44365222,mr.only,November,21,2017,1722,34204, 10:02:14,94,,353,14186,989,4.68,1,0
2021062152451046,2021-06-21,52451046,short sleeves,January,15,2018,2701,43278, 08:12:03,99,,940,18163,1656,4.56,0,0
20210621349628990,2021-06-21,349628990,5ngyzt5ebj,December,3,2020,100,7678, 10:37:31,91,"Pasay City,Metro Manila",138,5738,278,4.76,0,0
20210621156756973,2021-06-21,156756973,huiluotuo.ph,June,20,2019,375,10236, 11:20:27,82,,333,6312,541,4.56,0,0
20210621323527762,2021-06-21,323527762,ST_Fashion MEN,October,16,2020,390,1880, 08:56:26,97,,45,652,69,4.48,1,0
20210621343498159,2021-06-21,343498159,men_clothes.ph,November,23,2020,1197,619, 10:19:43,100,,20,256,25,4.45,0,0
20210621314266101,2021-06-21,314266101,Fat Brothers men's Store,September,25,2020,464,6625, 09:11:48,100,,163,2905,312,4.51,0,0
20210621202193803,2021-06-21,202193803,JFD Shop,November,23,2019,332,6383, 09:55:40,99,,385,9810,716,4.64,0,0
20210621403612075,2021-06-21,403612075,Kaabin,March,15,2021,54,587, 09:56:39,98,,16,288,33,4.51,0,0
20210621296733620,2021-06-21,296733620,Hip-hop clothing,August,14,2020,768,9749, 09:17:11,89,,258,3260,358,4.45,0,0
2021062120816099,2021-06-21,20816099,Monkey King Online,April,22,2017,452,181867, 10:40:07,68,"Valenzuela City,Metro Manila",9467,145556,12834,4.52,0,0
20210621194667188,2021-06-21,194667188,WSD.ph,November,3,2019,323,4238, 10:51:31,94,"Tondo I / Ii,Metro Manila",136,3158,326,4.56,0,0
20210621266644184,2021-06-21,266644184,JUNEtime Shop,May,26,2020,814,32628, 09:29:06,98,,640,15414,1341,4.6,1,0
20210621254758936,2021-06-21,254758936,Mr.H_Fashion Clothes,April,27,2020,374,16177, 09:53:03,98,,205,2990,312,4.48,0,0
202106216928162,2021-06-21,6928162,BlusaAtbp (by Sasha),June,17,2016,211,32705, 10:38:36,95,"Taytay,Rizal",53,38049,299,4.95,0,0
20210621138783697,2021-06-21,138783697,Pink Laine Boutique,April,8,2019,388,87518, 11:24:28,57,"Paranaque City,Metro Manila",1291,53907,2956,4.73,0,0
20210621280871312,2021-06-21,280871312,DBD Men's Clothing Store,July,3,2020,171,1076, 12:11:17,78,,14,260,35,4.49,0,0
20210621263745732,2021-06-21,263745732,bingjian.ph,May,18,2020,423,25824, 10:37:57,97,,728,10637,1157,4.47,0,0
20210621315439847,2021-06-21,315439847,HY Store,September,28,2020,114,10433, 09:53:51,98,,300,4536,488,4.5,1,0
20210621364496206,2021-06-21,364496206,KEEP EASY Studio,December,28,2020,327,141, 09:10:18,90,,6,69,11,4.42,0,0
20210621237008067,2021-06-21,237008067,KT Clothing Studio,March,18,2020,2745,67428, 08:43:56,99,,1265,30465,2495,4.59,1,0
2021062135371686,2021-06-21,35371686,maxi Dress,September,19,2017,401,199438, 10:19:42,90,"Binondo,Metro Manila",7836,106266,10786,4.47,0,0
20210621277380946,2021-06-21,277380946,Men's Clothing Oolong Club,June,23,2020,465,9404, 10:03:37,95,,332,4506,469,4.47,0,0
20210621114762325,2021-06-21,114762325,Leonora's Boutique For A Cause,December,16,2018,171,48789, 11:19:33,72,"Taytay,Rizal",69,17231,226,4.92,0,0
2021062150114777,2021-06-21,50114777,BCUA Lingerie Bra and Panty,December,28,2017,525,111505, 11:08:13,61,"Pasay City,Metro Manila",6170,316351,14531,4.77,0,0
20210621398300573,2021-06-21,398300573,ATS.shop,March,6,2021,32,149, 12:59:56,20,"Binondo,Metro Manila",8,449,31,4.72,0,0
20210621302250255,2021-06-21,302250255,Zero Tide Hanbok,August,28,2020,689,11791, 09:13:25,97,,130,3831,319,4.63,0,0
2021062135369989,2021-06-21,35369989,ICM.STORE,September,19,2017,275,58417, 11:43:48,23,"Navotas City,Metro Manila",2415,69278,4317,4.67,0,0
20210621371422543,2021-06-21,371422543,Mollge,January,11,2021,73,2916, 09:41:59,99,,98,1586,139,4.53,0,0
2021062157235917,2021-06-21,57235917,INSPI,February,19,2018,650,776110, 08:15:20,100,"Quezon City,Metro Manila",5123,659093,14751,4.88,0,1
20210621315447242,2021-06-21,315447242,liwen.ph,September,28,2020,192,772, 08:30:34,93,,34,287,31,4.36,0,0
20210621136746139,2021-06-21,136746139,Solomon costumes,March,30,2019,110,3087, 13:37:37,52,"Navotas City,Metro Manila",79,1503,129,4.57,0,0
2021062147114599,2021-06-21,47114599,Simplediva,December,9,2017,79,34470, 10:02:24,90,"Valenzuela City,Metro Manila",786,63774,2123,4.82,1,0
2021062151801232,2021-06-21,51801232,DriFIT,January,10,2018,62,15972, 10:46:45,94,"Valenzuela City,Metro Manila",283,23154,827,4.82,0,0
20210621139558229,2021-06-21,139558229,media.ph,April,12,2019,332,43820, 09:17:43,100,"Tondo I / Ii,Metro Manila",1437,31403,3007,4.56,0,0
2021062162404318,2021-06-21,62404318,LuckyFashion,March,26,2018,318,231695, 10:21:16,46,"Navotas City,Metro Manila",6663,302014,14899,4.74,0,0
2021062135902344,2021-06-21,35902344,SHOP HUILISHI,September,24,2017,225,58195, 12:45:01,81,"Pasay City,Metro Manila",732,59868,2043,4.82,1,0
2021062139587061,2021-06-21,39587061,wolfzone online shop,October,20,2017,551,32635, 11:10:19,64,"Bacoor,Cavite",1945,44289,3360,4.61,0,0
2021062186411248,2021-06-21,86411248,EMILI-Y & U-VY FASHION,August,27,2018,681,493823, 08:49:13,97,"Las Pinas City,Metro Manila",10727,836484,32245,4.81,0,0
20210621216736857,2021-06-21,216736857,KICKSFASHIONWEAR,January,5,2020,161,9375, 13:06:38,78,"Pasay City,Metro Manila",154,12655,435,4.82,0,0
20210621212748497,2021-06-21,212748497,welfareshop11,December,21,2019,53,4459, 09:33:56,99,"Valenzuela City,Metro Manila",151,6528,394,4.71,0,0
20210621133940798,2021-06-21,133940798,mengyishi,March,17,2019,198,20879, 12:08:23,57,"Valenzuela City,Metro Manila",655,31363,1431,4.77,0,0
20210621301669184,2021-06-21,301669184,Crown Tshirt,August,27,2020,301,36846, 08:25:33,100,"Quezon City,Metro Manila",92,17572,368,4.9,0,1
20210621331265826,2021-06-21,331265826,lilishow002.ph,November,2,2020,831,3441, 10:00:04,91,,23,802,59,4.68,0,0
20210621291022738,2021-06-21,291022738,sy.maII,July,31,2020,163,3164, 12:01:09,8,"Paranaque City,Metro Manila",475,3950,567,4.3,0,0
20210621427683857,2021-06-21,427683857,guojunqiang.ph,April,21,2021,1123,137, 10:56:38,78,,1,106,2,4.91,0,0
20210621203572725,2021-06-21,203572725,DNEMNLPH,November,27,2019,410,157713, 11:21:12,90,"Cainta,Rizal",174,21302,677,4.84,1,0
2021062136754442,2021-06-21,36754442,KathrynClothing,September,30,2017,515,490687, 09:53:09,86,"Taytay,Rizal",4637,224357,10437,4.76,0,0
2021062149777615,2021-06-21,49777615,terno pants Infinity dress,December,26,2017,359,154736, 12:10:29,10,"Tondo I / Ii,Metro Manila",3999,181542,8685,4.76,0,0
20210621126018720,2021-06-21,126018720,croptop korean top dress,February,12,2019,1427,73527, 11:21:25,94,,357,22970,973,4.8,1,0
20210621243356831,2021-06-21,243356831,CL Dress&Tops Shop,April,9,2020,368,3493, 11:37:23,91,,3,134,4,4.8,0,0
20210621419954100,2021-06-21,419954100,Fall in love with you,April,9,2021,662,12783, 09:01:18,86,,13,795,36,4.79,1,0
20210621296000894,2021-06-21,296000894,yuantong199.ph,August,12,2020,2788,417, 09:24:50,94,,5,150,13,4.67,0,0
2021062129392066,2021-06-21,29392066,Clairecvc Shop,August,2,2017,1077,42651, 12:54:46,43,"Binondo,Metro Manila",1946,102429,3959,4.78,0,0
2021062127574322,2021-06-21,27574322,maxi dress NO1,July,12,2017,304,115819, 10:29:33,74,"San Nicolas,Metro Manila",2859,75380,5995,4.6,0,0
20210621392660226,2021-06-21,392660226,ChimChim'sBoutique,February,24,2021,53,583, 08:33:08,99,"Cabanatuan City,Nueva Ecija",0,99,0,4.97,0,0
2021062136247807,2021-06-21,36247807,NO1 casual dress,September,26,2017,356,342929, 10:34:16,73,"San Nicolas,Metro Manila",12308,239185,21696,4.55,1,0
20210621133659038,2021-06-21,133659038,VAMPIRE ONLINE PH,March,16,2019,237,78924, 10:58:42,73,"Taytay,Rizal",1904,36354,3049,4.57,1,0
2021062164909141,2021-06-21,64909141,ikon Bra Dress Crop top,April,13,2018,3555,196767, 10:52:10,99,,1815,100309,4820,4.77,0,0
20210621130823964,2021-06-21,130823964,AIMEI FASHION,March,4,2019,1617,47211, 11:45:58,83,,135,13743,481,4.83,1,0
20210621408422598,2021-06-21,408422598,YJ Blouse,March,22,2021,556,2975, 09:34:35,100,,26,1214,101,4.68,1,0
20210621324727362,2021-06-21,324727362,Ubras,October,19,2020,226,3315, 08:39:17,90,"Binondo,Metro Manila",28,3737,109,4.86,0,0
20210621420881087,2021-06-21,420881087,J&W Fashion,April,11,2021,187,297, 10:34:00,98,,2,32,1,4.68,0,0
20210621309751081,2021-06-21,309751081,peijiahao.ph,September,14,2020,465,95918, 11:26:24,63,,948,22450,2710,4.52,0,0
20210621264590394,2021-06-21,264590394,CLAIRE CLOTHING,May,20,2020,520,196776, 09:56:38,86,"Taytay,Rizal",1478,69079,3367,4.76,0,0
20210621290961765,2021-06-21,290961765,ximan.ph,July,31,2020,355,7327, 09:29:36,91,,14,882,37,4.79,1,0
20210621275072879,2021-06-21,275072879,PRLcloset,June,16,2020,64,7502, 12:18:54,49,"Antipolo City,Rizal",33,3430,119,4.83,0,0
20210621312874722,2021-06-21,312874722,Shopping Center boutique,September,22,2020,205,117221, 10:19:41,73,"San Nicolas,Metro Manila",781,30915,2222,4.69,1,0
2021062125811092,2021-06-21,25811092,angelcity.ðŸ’‹,June,17,2017,253,841621, 09:46:46,29,"Pasay City,Metro Manila",13024,682209,29746,4.77,0,0
20210621147240166,2021-06-21,147240166,88jackshop,May,14,2019,227,2622, 09:00:01,78,"Caloocan City,Metro Manila",21,811,75,4.66,0,0
2021062136934404,2021-06-21,36934404,Forever Melody(PLUS SIZE),October,1,2017,505,149983, 10:03:52,88,"Taytay,Rizal",1119,55489,2649,4.76,0,0
2021062164360491,2021-06-21,64360491,Yzkzks.ph,April,9,2018,606,79188, 10:21:49,94,"Pasay City,Metro Manila",382,54199,1138,4.89,0,0
20210628266802542,2021-06-28,266802542,SHUFU.PH | Fashion Women's,May,26,2020,165,3405, 09:55:39,93,,9,565,24,4.77,0,0
20210628187693161,2021-06-28,187693161,Korean House.PH,October,12,2019,301,1765, 09:11:44,84,,14,539,54,4.62,0,0
2021062836929169,2021-06-28,36929169,AwesomeShop,October,1,2017,513,38744, 10:19:41,84,"Taytay,Rizal",203,9648,517,4.75,0,0
2021062836247807,2021-06-28,36247807,NO1 casual dress,September,26,2017,357,345855, 10:35:27,74,"San Nicolas,Metro Manila",12353,240087,21784,4.55,1,0
2021062850114777,2021-06-28,50114777,BCUA Lingerie Bra and Panty,December,28,2017,531,112688, 11:12:36,60,"Pasay City,Metro Manila",6302,321178,14785,4.77,0,0
20210628435915347,2021-06-28,435915347,Unnie Ysa Boutique,May,3,2021,14,1219, 09:39:55,38,"Silang,Cavite",0,48,2,4.86,0,0
20210628313565900,2021-06-28,313565900,zhufeng2.ph,September,23,2020,194,1063, 09:25:06,98,,7,675,31,4.78,0,0
20210628312874722,2021-06-28,312874722,Shopping Center boutique,September,22,2020,206,122414, 10:11:36,74,"San Nicolas,Metro Manila",858,32383,2399,4.68,1,0
202106281083822,2021-06-28,1083822,Naked Clothing PH,October,11,2015,491,399237, 12:36:17,54,"Taytay,Rizal",2324,337593,8046,4.88,0,0
2021062840841188,2021-06-28,40841188,XiaoZhaiNv Women's clothing,October,30,2017,1703,106456, 09:04:03,100,,310,29734,928,4.83,1,0
20210628203572725,2021-06-28,203572725,DNEMNLPH,November,27,2019,411,161552, 11:20:15,91,"Cainta,Rizal",179,21807,687,4.84,1,0
20210628296000894,2021-06-28,296000894,yuantong199.ph,August,12,2020,2708,460, 09:31:09,96,,6,161,13,4.67,0,0
20210628468959708,2021-06-28,468959708,ðŸ’—Trendy girlðŸ’—,June,17,2021,99,152, 09:51:51,30,"Sampaloc,Metro Manila",0,96,0,5.0,0,0
20210628264590394,2021-06-28,264590394,CLAIRE CLOTHING,May,20,2020,534,201034, 10:06:38,86,"Taytay,Rizal",1498,70826,3432,4.76,0,0
2021062836637203,2021-06-28,36637203,terno skirt dress,September,29,2017,151,121444, 10:13:22,77,"San Nicolas,Metro Manila",2534,64251,5480,4.61,1,0
20210628360379308,2021-06-28,360379308,Yzanice Shop,December,20,2020,75,4262, 08:33:50,97,,2,231,8,4.83,1,0
20210628451742606,2021-06-28,451742606,Freyle_Ph,May,26,2021,51,279, 09:37:10,99,"Quezon City,Metro Manila",0,542,8,4.9,0,0
2021062819100527,2021-06-28,19100527,Mumu,March,28,2017,303,1659792, 10:15:51,77,"Valenzuela City,Metro Manila",21877,3374104,62998,4.89,1,0
20210628418672464,2021-06-28,418672464,xuxixi,April,7,2021,220,13768, 10:23:37,91,,16,3146,71,4.89,1,0
20210628136836256,2021-06-28,136836256,GraBeYan PH,March,30,2019,118,73752, 10:30:18,99,"Pasay City,Metro Manila",290,50620,1246,4.88,1,0
20210628235309345,2021-06-28,235309345,ISOME.ph-Women's fashion,March,12,2020,713,5922, 12:30:06,80,,13,489,25,4.74,0,0
20210628322584626,2021-06-28,322584626,wjshow.ph,October,14,2020,177,829, 11:08:00,88,,4,337,16,4.78,1,0
2021062839345649,2021-06-28,39345649,HESTIA  CLOSET ðŸŒ¸,October,19,2017,39,27263, 11:05:56,27,"Navotas City,Metro Manila",84,9739,361,4.84,0,0
20210628383340326,2021-06-28,383340326,lovely.thrift.finds,February,4,2021,27,14, 09:38:54,71,"Marikina City,Metro Manila",0,13,0,5.0,0,0
20210628122612617,2021-06-28,122612617,Arlyn.corpuz,January,25,2019,257,1635, 11:09:12,74,"Binondo,Metro Manila",3,45,6,4.47,0,0
2021062835044762,2021-06-28,35044762,RRX OnlineShop,September,16,2017,2296,336353, 13:01:03,52,"Binondo,Metro Manila",4531,167296,10090,4.7,0,0
20210628213293624,2021-06-28,213293624,Magandang buhay,December,23,2019,46,34047, 09:39:45,70,,81,6906,335,4.78,0,0
2021062817325060,2021-06-28,17325060,joymarcelo_rtwclothing,March,1,2017,1164,368849, 10:30:27,83,"San Mateo,Rizal",2449,182348,6154,4.83,1,0
2021062810615128,2021-06-28,10615128,Hex Manila,October,3,2016,238,121033, 12:53:26,24,"Pasig City,Metro Manila",1060,20864,2076,4.54,0,0
2021062831488555,2021-06-28,31488555,WPFashionBRA,August,21,2017,387,338795, 08:08:20,62,"Binondo,Metro Manila",3822,360247,11926,4.83,0,0
20210628113311722,2021-06-28,113311722,JDC CLOTHING,December,12,2018,32,926, 09:46:28,82,"Pasig City,Metro Manila",8,531,14,4.83,0,0
20210628372020341,2021-06-28,372020341,Cre8newtrends PH,January,12,2021,70,3706, 08:59:52,55,"Caloocan City,Metro Manila",20,975,66,4.72,0,0
2021062894468213,2021-06-28,94468213,The Hopeful Shop,October,5,2018,147,44532, 09:12:01,98,"Mandaluyong City,Metro Manila",76,13651,306,4.89,1,0
20210628287993221,2021-06-28,287993221,trendythreads.rzl,July,22,2020,84,4404, 11:38:09,50,"Cainta,Rizal",33,1826,95,4.76,0,0
2021062859054130,2021-06-28,59054130,EAZY GOODS,March,3,2018,310,2720, 11:49:04,49,"Pasay City,Metro Manila",46,1212,95,4.63,0,0
20210628273094218,2021-06-28,273094218,xiaoyi.ph,June,11,2020,196,56827, 08:28:20,94,,132,16574,492,4.85,1,0
20210628312059830,2021-06-28,312059830,Mezz8 Garments,September,20,2020,162,7774, 12:04:41,17,"Quezon City,Metro Manila",32,3365,152,4.82,0,0
2021062850261908,2021-06-28,50261908,Sew- In Style,December,29,2017,69,31341, 10:25:46,86,"Pasig City,Metro Manila",116,22454,448,4.9,0,0
20210628281266301,2021-06-28,281266301,clothingpalette.10,July,4,2020,69,89165, 11:30:10,23,"Taytay,Rizal",99,30327,545,4.92,0,0
20210628297008262,2021-06-28,297008262,Jimei Shop,August,15,2020,31,497, 12:05:23,69,,3,128,9,4.69,1,0
20210628284009378,2021-06-28,284009378,90's Shop Manila ,July,11,2020,62,25218, 08:45:23,88,"Quezon City,Metro Manila",6,2457,55,4.89,1,0
20210628365159569,2021-06-28,365159569,havefun.ph/CropTop/dress/Bra,December,29,2020,581,3862, 11:12:00,73,,12,1153,27,4.87,1,0
20210628373953071,2021-06-28,373953071,LK Shop ph,January,16,2021,110,25191, 10:17:41,63,"Valenzuela City,Metro Manila",86,19835,490,4.88,0,0
20210628406683641,2021-06-28,406683641,rphmcloset,March,19,2021,101,748, 09:22:41,86,"Caloocan City,Metro Manila",0,199,4,4.9,0,0
20210628342905290,2021-06-28,342905290,POLARISâ—FASHION,November,22,2020,2222,17426, 11:34:07,76,,59,7574,171,4.89,1,0
202106286077779,2021-06-28,6077779,Jianri,May,26,2016,52,4968, 11:45:09,71,"Marikina City,Metro Manila",75,2550,217,4.64,0,0
20210628294013171,2021-06-28,294013171,Ladyfair Fashion and Beauty,August,8,2020,35,64601, 09:48:29,100,"Malabon City,Metro Manila",78,6905,247,4.83,1,0
20210628289787386,2021-06-28,289787386,trendybestshops,July,27,2020,78,8017, 12:54:31,61,"Pasay City,Metro Manila",56,5510,260,4.81,0,0
20210628307419427,2021-06-28,307419427,shanshan.ph,September,9,2020,163,2098, 12:15:06,71,,29,1915,125,4.75,0,0
20210628172176021,2021-06-28,172176021,COSHOP - women's clothes,August,22,2019,253,2860, 09:16:33,96,,96,3588,241,4.7,1,0
20210628155121457,2021-06-28,155121457,Aileen Fashion,June,13,2019,992,3898, 10:11:05,80,"San Nicolas,Metro Manila",27,8131,154,4.91,0,0
20210628417317962,2021-06-28,417317962,MEIMEITALL,April,5,2021,486,1566, 09:25:14,89,,11,701,29,4.82,1,0
20210628140134509,2021-06-28,140134509,sanshop.ph,April,15,2019,239,3521, 09:30:50,82,"Caloocan City,Metro Manila",29,890,74,4.65,0,0
2021062840117535,2021-06-28,40117535,Women Blouses | MYQUEEN,October,24,2017,1827,106169, 10:08:22,94,,3332,75478,6467,4.58,1,0
2021062850579919,2021-06-28,50579919,Dayday Collection,January,1,2018,17,777, 10:45:25,33,"Calamba City,Laguna",2,105,3,4.83,0,0
2021062863369513,2021-06-28,63369513,Beauty And Fashion BLOUSE COD,April,2,2018,1413,8535, 11:37:58,51,,421,16198,815,4.73,0,0
20210628141535018,2021-06-28,141535018,Diya Stand,April,22,2019,305,71430, 12:07:50,57,"San Nicolas,Metro Manila",235,34931,889,4.87,0,0
20210628258468274,2021-06-28,258468274,MON AMIE PH,May,6,2020,432,155043, 12:00:27,44,"Taytay,Rizal",890,152420,3074,4.89,0,0
20210628219216737,2021-06-28,219216737,XRUI â¤ Womenjacket,January,14,2020,447,4972, 08:40:39,100,,66,1614,119,4.6,1,0
2021062862651467,2021-06-28,62651467,shoppingaddicts,March,28,2018,2000,29278, 11:44:29,66,,536,17839,1183,4.68,0,0
202106285302656,2021-06-28,5302656,Ulzzaang.ph,May,3,2016,411,147100, 10:06:09,76,"Bacoor,Cavite",190,25887,644,4.87,0,0
20210628287789175,2021-06-28,287789175,libin888.ph,July,22,2020,276,11886, 11:20:33,90,,72,3105,211,4.71,1,0
20210628262845064,2021-06-28,262845064,weabbyph.ph,May,16,2020,319,40725, 10:49:48,69,,119,10175,366,4.83,0,0
20210628254711738,2021-06-28,254711738,hello.may.ph,April,27,2020,429,17719, 09:55:14,96,,183,17728,739,4.81,1,0
2021062859595030,2021-06-28,59595030,LUSMAY,March,7,2018,851,32576, 11:42:35,79,,346,13196,687,4.72,0,0
2021062835339653,2021-06-28,35339653,affleck.shop,September,19,2017,749,18550, 11:13:04,49,"Tondo I / Ii,Metro Manila",333,12199,689,4.72,0,0
20210628303372405,2021-06-28,303372405,GDTima2.ph,August,31,2020,650,59573, 10:00:24,97,,232,14809,688,4.77,1,0
20210628328781757,2021-06-28,328781757,Giselle G&G shop,October,28,2020,287,24043, 09:51:31,90,,23,3736,99,4.88,1,0
20210628347488706,2021-06-28,347488706,X.Y fashion,November,30,2020,442,3211, 09:39:47,98,,36,1031,78,4.63,1,0
20210628271800741,2021-06-28,271800741,1989minishop,June,7,2020,122,22977, 12:24:28,61,"Pasay City,Metro Manila",291,20269,991,4.79,0,0
2021062845837310,2021-06-28,45837310,superhappybuy.ph,December,1,2017,4739,160051, 11:35:49,93,,2532,92867,5683,4.7,1,0
20210628189250648,2021-06-28,189250648,A5E Clothing Boutique,October,17,2019,320,1685, 09:18:02,100,"Magalang,Pampanga",2,798,16,4.91,1,0
20210628133089351,2021-06-28,133089351,goodseller999,March,13,2019,253,1493, 10:11:14,62,"Binondo,Metro Manila",76,2288,202,4.62,0,0
2021062811314636,2021-06-28,11314636,Lush Tiangge RTW Supplier,October,21,2016,197,32029, 11:40:58,8,"Taytay,Rizal",170,23279,540,4.88,0,0
20210628273201142,2021-06-28,273201142,Women's blouse-Crop Top,June,11,2020,1451,30919, 12:00:15,69,,117,13294,442,4.84,0,0
2021062891117081,2021-06-28,91117081,Ippeuni Agassi Shop,September,17,2018,234,9126, 09:01:09,63,"Caloocan City,Metro Manila",3,752,12,4.92,0,0
20210628147240166,2021-06-28,147240166,88jackshop,May,14,2019,234,2848, 08:54:28,77,"Caloocan City,Metro Manila",21,878,79,4.67,0,0
20210628400757425,2021-06-28,400757425,baboland.ph,March,10,2021,89,230, 09:32:39,96,,1,68,5,4.68,1,0
2021062836222507,2021-06-28,36222507,Beauty Fashion,September,26,2017,554,23851, 09:29:02,87,"Pasay City,Metro Manila",297,17546,683,4.8,0,0
20210628403534537,2021-06-28,403534537,Fairy - Crop Top & Dress,March,15,2021,268,394, 08:28:58,25,,0,34,1,4.89,0,0
20210628244604039,2021-06-28,244604039,Cherry'sBeauty,April,13,2020,1167,45794, 08:28:16,100,,124,10682,429,4.81,1,0
20210628192699788,2021-06-28,192699788,korean top and oversized shirt,October,28,2019,1282,30625, 12:55:26,67,,123,10092,416,4.81,0,0
20210628317527502,2021-06-28,317527502,"Women's clothing, underwear",October,3,2020,22,706, 10:11:57,96,"Sampaloc,Metro Manila",6,226,23,4.66,0,0
2021062867883391,2021-06-28,67883391,Meshmerize Fashion Gallery,May,3,2018,37,9224, 08:30:06,85,"Caloocan City,Metro Manila",1,1823,15,4.96,0,0
2021062853723999,2021-06-28,53723999,fashion wear 111,January,24,2018,276,7552, 13:04:30,70,"San Nicolas,Metro Manila",110,8886,273,4.83,0,0
2021062850582861,2021-06-28,50582861,Miss A PH,January,1,2018,401,71269, 11:34:42,48,"Taytay,Rizal",331,53521,1305,4.88,0,0
20210628331790042,2021-06-28,331790042,Crop Top & Korean Top,November,3,2020,703,91300, 11:24:46,100,,183,16794,524,4.85,0,0
2021062879439002,2021-06-28,79439002,J.A Online Shop,July,15,2018,206,16093, 11:17:57,15,"Mandaluyong City,Metro Manila",66,3634,209,4.74,0,0
20210628313474174,2021-06-28,313474174,Style Issa Women,September,23,2020,614,5148, 08:51:54,98,,66,2291,208,4.62,1,0
20210628177084026,2021-06-28,177084026,Maj's Collection,September,8,2019,42,894, 09:20:44,82,"Dasmarinas City,Cavite",1,381,5,4.94,0,0
20210628393059557,2021-06-28,393059557,Baclaran_rembrose,February,25,2021,221,4714, 10:50:56,91,"Pasay City,Metro Manila",0,23,1,4.88,0,0
2021062830386163,2021-06-28,30386163,kcshoppe,August,11,2017,382,26993, 13:12:00,63,"Pasig City,Metro Manila",60,18416,324,4.91,0,0
20210628100011971,2021-06-28,100011971,Korean fashion bags and tee.,October,31,2018,293,1593, 11:06:45,95,"Caloocan City,Metro Manila",9,372,7,4.81,1,0
20210628365058565,2021-06-28,365058565,LUCKY.HOUSE,December,29,2020,285,775, 12:54:35,47,"Tondo I / Ii,Metro Manila",8,539,20,4.83,0,0
20210628288394116,2021-06-28,288394116,Z&HðŸŒ¿shop,July,23,2020,335,15307, 08:47:32,100,,31,5715,164,4.86,1,0
2021062850106625,2021-06-28,50106625,LGOH.PH,December,28,2017,326,65488, 11:11:09,72,"Pasay City,Metro Manila",531,60277,1611,4.87,0,0
20210628368444703,2021-06-28,368444703,Shopping Your Wardrobe,January,5,2021,160,1123, 09:33:05,67,"Caloocan City,Metro Manila",5,217,7,4.78,0,0
20210628401079546,2021-06-28,401079546,Huidong,March,11,2021,22,533, 09:02:00,91,"Sampaloc,Metro Manila",0,177,8,4.79,0,0
20210628162058206,2021-06-28,162058206,Wanderwoman0920,July,11,2019,103,499, 09:32:02,62,"Tondo I / Ii,Metro Manila",2,595,7,4.94,0,0
2021062839898577,2021-06-28,39898577,shienacu,October,23,2017,373,50762, 10:03:31,96,"San Nicolas,Metro Manila",341,49162,1133,4.88,0,0
20210628383858880,2021-06-28,383858880,mayushop.ph,February,5,2021,12,61, 08:33:48,100,"Quezon City,Metro Manila",0,8,0,5.0,0,0
2021062851849744,2021-06-28,51849744,adolphbob.ph,January,10,2018,289,2988, 09:02:09,55,,137,1762,211,4.42,0,0
20210628292495133,2021-06-28,292495133,ART_MAN,August,4,2020,882,5036, 08:50:42,99,,104,2980,219,4.63,0,0
20210628144287446,2021-06-28,144287446,DVX Divisoria Extension,May,3,2019,1575,537356, 09:41:53,87,"Caloocan City,Metro Manila",5599,907602,15802,4.9,0,0
20210628401150074,2021-06-28,401150074,ZK Boutique clothing store,March,11,2021,309,289, 11:38:20,98,,14,245,16,4.56,1,0
20210628202193803,2021-06-28,202193803,JFD Shop,November,23,2019,334,6502, 09:54:56,99,,394,10039,745,4.64,0,0
20210628362574372,2021-06-28,362574372,tongju.ph,December,24,2020,315,95, 08:22:14,88,,6,90,12,4.42,0,0
20210628139558229,2021-06-28,139558229,media.ph,April,12,2019,340,43951, 09:28:46,100,"Tondo I / Ii,Metro Manila",1447,31566,3016,4.56,0,0
20210628343498159,2021-06-28,343498159,men_clothes.ph,November,23,2020,1228,624, 09:52:49,100,,21,259,25,4.44,0,0
2021062864151604,2021-06-28,64151604,HUILISHI MEN'S FASHIONG,April,7,2018,233,33455, 10:13:49,90,"Pasay City,Metro Manila",778,47946,1793,4.81,0,0
2021062886411248,2021-06-28,86411248,EMILI-Y & U-VY FASHION,August,27,2018,694,502760, 08:43:49,97,"Las Pinas City,Metro Manila",10874,851747,32693,4.81,0,0
20210628440871071,2021-06-28,440871071,ENX3D.PH,May,10,2021,411,206, 10:20:30,100,,4,47,11,4.21,0,0
2021062851801232,2021-06-28,51801232,DriFIT,January,10,2018,62,16558, 10:59:15,94,"Valenzuela City,Metro Manila",286,23652,846,4.82,0,0
20210628136746139,2021-06-28,136746139,Solomon costumes,March,30,2019,110,3097, 13:23:50,52,"Pasay City,Metro Manila",79,1523,131,4.57,0,0
2021062841311013,2021-06-28,41311013,BuyMorePh,November,2,2017,354,1181347, 08:32:54,85,"Pasig City,Metro Manila",62235,947273,92488,4.5,0,0
20210628315439847,2021-06-28,315439847,HY Store,September,28,2020,99,10665, 10:01:56,98,,317,4757,512,4.5,1,0
20210628403612075,2021-06-28,403612075,Kaabin,March,15,2021,53,638, 10:14:36,98,,18,314,35,4.51,1,0
2021062897083327,2021-06-28,97083327,mensclothes1,October,18,2018,477,4400, 10:32:31,87,,113,7477,324,4.79,1,0
20210628161746899,2021-06-28,161746899,Elegant Men's Clothing Store,July,10,2019,307,1939, 11:22:08,51,,60,769,82,4.46,0,0
2021062875150237,2021-06-28,75150237,ykmencollection,June,18,2018,69,1779, 09:43:13,43,"Pasay City,Metro Manila",20,2397,63,4.86,0,0
2021062835369989,2021-06-28,35369989,ICM.STORE,September,19,2017,275,58598, 11:48:12,19,"Navotas City,Metro Manila",2432,70134,4377,4.67,0,0
2021062847114599,2021-06-28,47114599,Simplediva,December,9,2017,79,34575, 09:51:38,90,"Valenzuela City,Metro Manila",791,64306,2137,4.82,1,0
20210628266644184,2021-06-28,266644184,JUNEtime Shop,May,26,2020,788,32991, 09:27:17,98,,650,15587,1356,4.6,1,0
20210628237008067,2021-06-28,237008067,KT Clothing Studio,March,18,2020,2699,67974, 08:45:24,99,,1281,30902,2509,4.59,1,0
20210628443928985,2021-06-28,443928985,ccfan.ph,May,15,2021,183,48, 08:13:20,100,,0,72,1,4.93,0,0
20210628262503614,2021-06-28,262503614,juness.ph,May,15,2020,555,26615, 09:40:07,92,,212,7283,563,4.65,0,0
2021062869635896,2021-06-28,69635896,DD-ONE  Fashion shop,May,16,2018,212,14387, 10:39:00,80,"Pasay City,Metro Manila",161,10875,464,4.81,0,0
20210628455548857,2021-06-28,455548857,mr.monkey.ph,May,31,2021,598,35, 10:17:48,96,,0,1,0,5.0,0,0
20210628432495624,2021-06-28,432495624,old uncle,April,28,2021,83,216, 10:04:28,99,,1,63,4,4.76,0,0
20210628128494608,2021-06-28,128494608,T.F.H_FASHION,February,23,2019,350,6805, 09:31:01,88,"Pasay City,Metro Manila",214,11767,549,4.76,0,0
20210628280871312,2021-06-28,280871312,DBD Men's Clothing Store,July,3,2020,141,1081, 11:08:29,85,,14,267,36,4.5,0,0
2021062835902344,2021-06-28,35902344,SHOP HUILISHI,September,24,2017,225,58675, 12:37:07,83,"Pasay City,Metro Manila",747,61102,2087,4.82,1,0
2021062857235917,2021-06-28,57235917,INSPI,February,19,2018,610,788398, 08:15:07,100,"Quezon City,Metro Manila",5230,675204,15040,4.88,0,1
20210628302250255,2021-06-28,302250255,Zero Tide Hanbok,August,28,2020,631,11922, 09:46:05,96,,138,3919,323,4.63,0,0
2021062839587061,2021-06-28,39587061,wolfzone online shop,October,20,2017,552,32978, 11:12:31,65,"Bacoor,Cavite",1958,44594,3374,4.61,0,0
2021062836934404,2021-06-28,36934404,Forever Melody(PLUS SIZE),October,1,2017,514,154903, 10:10:32,87,"Taytay,Rizal",1154,57028,2713,4.76,0,0
20210628372895129,2021-06-28,372895129,haibinzoulu.ph,January,14,2021,128,1989, 08:37:34,100,,39,1748,91,4.73,1,0
20210628315447242,2021-06-28,315447242,liwen.ph,September,28,2020,170,787, 08:37:56,96,,36,297,32,4.35,0,0
2021062835371686,2021-06-28,35371686,maxi Dress,September,19,2017,405,201592, 10:24:27,89,"Binondo,Metro Manila",7876,107853,10874,4.47,0,0
20210628157053609,2021-06-28,157053609,love it shopping,June,21,2019,344,18604, 11:43:38,71,"Santa Cruz,Metro Manila",476,28443,1341,4.77,0,0
20210628311167337,2021-06-28,311167337,Korean House,September,18,2020,323,1267, 10:37:21,95,,16,575,43,4.66,0,0
20210628156756973,2021-06-28,156756973,huiluotuo.ph,June,20,2019,358,10322, 11:21:07,77,,338,6361,548,4.56,0,0
2021062850099473,2021-06-28,50099473,SIMPLE TSHIRT,December,28,2017,145,36101, 09:30:23,98,"Valenzuela City,Metro Manila",759,49309,1738,4.81,0,0
20210628307700422,2021-06-28,307700422,Fashion.Front,September,9,2020,365,6761, 09:20:27,100,,30,2323,83,4.82,0,0
20210628283754579,2021-06-28,283754579,No. 3 men's clothing store,July,10,2020,628,10990, 10:50:30,80,,311,4737,579,4.45,0,0
2021062859347195,2021-06-28,59347195,JUNE 29 shop,March,5,2018,390,12543, 11:56:46,64,"Bacoor,Cavite",887,20364,1457,4.62,0,0
2021062862404318,2021-06-28,62404318,LuckyFashion,March,26,2018,329,232895, 10:34:35,47,"Navotas City,Metro Manila",6786,309434,15169,4.74,0,0
20210628398300573,2021-06-28,398300573,ATS.shop,March,6,2021,32,165, 13:04:59,26,"Binondo,Metro Manila",8,516,33,4.74,0,0
2021062825811092,2021-06-28,25811092,angelcity.ðŸ’‹,June,17,2017,258,854216, 09:52:57,32,"Pasay City,Metro Manila",13236,697397,30410,4.77,0,0
20210628254758936,2021-06-28,254758936,Mr.H_Fashion Clothes,April,27,2020,360,16185, 10:12:12,97,,205,3006,313,4.48,0,0
20210628314266101,2021-06-28,314266101,Fat Brothers men's Store,September,25,2020,468,6696, 09:24:43,99,,172,3007,321,4.51,0,0
20210628331814357,2021-06-28,331814357,Pretty women fashion city,November,3,2020,248,20835, 10:49:57,75,"San Nicolas,Metro Manila",196,5811,467,4.64,1,0
20210628287258928,2021-06-28,287258928,Popular House,July,20,2020,75,131, 09:42:36,100,,17,310,26,4.6,0,0
20210628371422543,2021-06-28,371422543,Mollge,January,11,2021,78,3018, 09:44:14,99,,102,1706,144,4.54,0,0
20210628291088816,2021-06-28,291088816,Trixcy Angelaâ€™s Fashion Co.,July,31,2020,135,647, 11:19:09,83,"Taguig City,Metro Manila",10,601,23,4.82,0,0
2021062864909141,2021-06-28,64909141,ikon Bra Dress Crop top,April,13,2018,3513,197740, 11:02:09,99,,1826,101052,4871,4.77,0,0
20210628243356831,2021-06-28,243356831,CL Dress&Tops Shop,April,9,2020,367,3513, 12:22:38,95,,3,152,5,4.81,0,0
20210628420881087,2021-06-28,420881087,J&W Fashion,April,11,2021,149,434, 09:57:56,99,,2,41,1,4.74,1,0
20210628404554570,2021-06-28,404554570,huizhouhongji668,March,16,2021,11,1875, 09:08:57,100,"Sampaloc,Metro Manila",17,745,72,4.64,0,0
2021062811187885,2021-06-28,11187885,Little Market Manila,October,18,2016,478,73383, 11:59:49,89,"Caloocan City,Metro Manila",766,43428,2645,4.73,1,0
20210628161903557,2021-06-28,161903557,dress.shop,July,11,2019,486,30027, 10:07:36,73,"San Nicolas,Metro Manila",728,16193,1673,4.56,0,0
20210628381509084,2021-06-28,381509084,dreamers.ph,February,1,2021,49,238, 09:50:05,70,,0,123,7,4.79,0,0
2021062823250659,2021-06-28,23250659,Vida Swimwear,May,24,2017,1181,388122, 11:12:21,89,"Valenzuela City,Metro Manila",3592,445470,12456,4.86,1,0
2021062843841660,2021-06-28,43841660,peterang.999,November,17,2017,1522,64148, 12:10:46,57,"Tondo I / Ii,Metro Manila",815,105778,2100,4.89,0,0
2021062821422611,2021-06-28,21422611,Laureen Essentials,April,30,2017,57,449, 08:11:57,80,"Valenzuela City,Metro Manila",0,33,0,5.0,0,0
2021062849814692,2021-06-28,49814692,C&M shop.PH,December,26,2017,1910,201363, 10:47:28,91,,956,57744,2788,4.76,1,0
20210628275875058,2021-06-28,275875058,small__tomato.ph,June,19,2020,500,83892, 10:04:59,97,,433,19683,1098,4.74,0,0
20210628341350505,2021-06-28,341350505,xiaoran.ph,November,19,2020,969,47745, 09:02:22,99,,47,5553,132,4.88,1,0
20210628186784310,2021-06-28,186784310,xiaomaojia.ph--women fashion,October,9,2019,2380,137329, 10:04:56,100,,427,42982,1589,4.82,1,0
2021062821407329,2021-06-28,21407329,patriciacai,April,30,2017,165,18967, 09:14:17,95,"Binondo,Metro Manila",44,19200,221,4.94,1,0
20210628345537112,2021-06-28,345537112,Alice_.ph,November,26,2020,196,665, 09:26:40,95,,4,174,10,4.72,0,0
2021062838991357,2021-06-28,38991357,Fantasyshoppe,October,16,2017,400,40264, 11:24:09,85,"Binondo,Metro Manila",659,36042,1190,4.81,0,0
20210628130651949,2021-06-28,130651949,S & U,March,3,2019,391,46832, 11:01:51,85,"San Nicolas,Metro Manila",620,44653,1535,4.82,0,0
20210628369909059,2021-06-28,369909059,L19959678682.ph,January,8,2021,496,520, 13:02:10,64,,11,305,21,4.61,0,0
2021062846399675,2021-06-28,46399675,ABUBOT_PH,December,5,2017,426,1972718, 10:13:05,64,"Pasig City,Metro Manila",102120,2061341,151387,4.59,0,0
20210628325618926,2021-06-28,325618926,Be Young Life,October,21,2020,110,13522, 09:48:59,95,,27,2671,86,4.85,1,0
20210628126018720,2021-06-28,126018720,croptop korean top dress,February,12,2019,1455,74514, 11:19:55,95,,363,23669,987,4.8,1,0
20210628399808845,2021-06-28,399808845,LuoXuan.ph,March,9,2021,381,639, 10:12:52,88,,12,257,24,4.56,0,0
2021062816590993,2021-06-28,16590993,Adol Janet ,February,14,2017,473,507817, 12:59:26,74,"Binondo,Metro Manila",2500,294224,9546,4.84,0,0
2021062836754442,2021-06-28,36754442,KathrynClothing,September,30,2017,528,502467, 10:00:53,88,"Taytay,Rizal",4716,230278,10716,4.76,0,0
2021062864360491,2021-06-28,64360491,Yzkzks.ph,April,9,2018,644,79433, 10:26:56,92,"Pasay City,Metro Manila",384,54882,1154,4.89,0,0
2021062855748694,2021-06-28,55748694,SS Swim Shop Fashion,February,7,2018,300,1561698, 10:07:06,84,"Taytay,Rizal",24730,1226236,62218,4.75,0,0
20210628449754824,2021-06-28,449754824,Beauty girl clothing store,May,23,2021,173,394, 08:48:54,90,,0,13,2,4.6,0,0
20210628449182992,2021-06-28,449182992,Yacent_thrift_Clo,May,22,2021,13,52, 08:37:39,97,"Legazpi City,Albay",0,3,0,5.0,0,0
2021062810377223,2021-06-28,10377223,R&O RedOrange,September,27,2016,220,700559, 08:31:53,89,"Pasay City,Metro Manila",4912,1132607,19069,4.91,1,0
20210628416886409,2021-06-28,416886409,vaapo.ph,April,4,2021,610,212, 09:15:47,94,,0,33,0,4.94,1,0
20210628396605392,2021-06-28,396605392,Akistore.ph,March,3,2021,81,65, 08:02:03,89,,0,4,0,5.0,0,0
20210628291022738,2021-06-28,291022738,sy.maII,July,31,2020,135,3298, 11:42:18,10,"Paranaque City,Metro Manila",511,4300,613,4.3,0,0
2021062829392066,2021-06-28,29392066,Clairecvc Shop,August,2,2017,1083,43264, 12:56:46,48,"Binondo,Metro Manila",1954,102841,3974,4.78,0,0
20210628456337069,2021-06-28,456337069,Harajuku T-shirt,June,1,2021,58,126, 11:59:08,48,"Quezon City,Metro Manila",6,82,6,4.51,0,0
20210706266802542,2021-07-06,266802542,SHUFU.PH | Fashion Women's,May,26,2020,168,3409, 08:39:46,92,,9,569,24,4.77,0,0
2021070670189884,2021-07-06,70189884,annathearon,May,19,2018,394,8241, 08:56:53,91,"Quezon City,Metro Manila",217,9657,430,4.78,0,0
20210706381509084,2021-07-06,381509084,dreamers.ph,February,1,2021,42,241, 09:25:07,65,,0,130,7,4.8,0,0
2021070638991357,2021-07-06,38991357,Fantasyshoppe,October,16,2017,403,41672, 11:32:13,86,"Binondo,Metro Manila",668,36447,1209,4.81,0,0
20210706383858880,2021-07-06,383858880,mayushop.ph,February,5,2021,17,71, 08:26:48,84,"Quezon City,Metro Manila",1,21,0,4.77,0,0
2021070646399675,2021-07-06,46399675,ABUBOT_PH,December,5,2017,430,2039888, 10:20:00,68,"Pasig City,Metro Manila",102833,2105670,153076,4.59,0,0
20210706461815350,2021-07-06,461815350,DSKJAA.ph,June,8,2021,868,71, 08:47:31,100,,0,0,0,,0,0
20210706371849079,2021-07-06,371849079,BT pantie & underwear.ph,January,12,2021,122,154, 08:47:03,94,,0,6,0,5.0,0,0
20210706287789175,2021-07-06,287789175,libin888.ph,July,22,2020,276,12161, 11:49:58,85,,73,3144,214,4.71,1,0
20210706375489956,2021-07-06,375489956,Top Wolf Clothing.ph,January,19,2021,311,86, 10:00:57,76,,0,41,2,4.86,0,0
20210706203572725,2021-07-06,203572725,DNEMNLPH,November,27,2019,413,164662, 11:16:19,92,"Cainta,Rizal",183,22260,694,4.84,1,0
20210706214411474,2021-07-06,214411474,tantanyf.ph ,December,27,2019,248,27191, 09:41:11,87,,37,3543,86,4.86,0,0
20210706449754824,2021-07-06,449754824,Beauty girl clothing store,May,23,2021,187,600, 08:53:57,96,,1,29,3,4.61,1,0
20210706312874722,2021-07-06,312874722,Shopping Center boutique,September,22,2020,206,142916, 10:16:18,73,"San Nicolas,Metro Manila",906,33516,2515,4.68,1,0
20210706313565900,2021-07-06,313565900,zhufeng2.ph,September,23,2020,243,1125, 09:31:38,98,,7,700,36,4.77,0,0
2021070636637203,2021-07-06,36637203,terno skirt dress,September,29,2017,151,123395, 10:17:43,76,"San Nicolas,Metro Manila",2561,64800,5546,4.61,1,0
2021070635346563,2021-07-06,35346563,swim suit NO1,September,19,2017,332,75628, 10:40:13,73,"San Nicolas,Metro Manila",1753,45412,3381,4.61,0,0
20210706285109174,2021-07-06,285109174,Sharaâ€™s Fashion,July,14,2020,61,3463, 10:26:03,77,"Las Pinas City,Metro Manila",11,1810,40,4.89,0,0
2021070610352760,2021-07-06,10352760,Shoppecorn,September,26,2016,357,70147, 11:55:58,84,"Paranaque City,Metro Manila",722,33438,1756,4.74,1,0
2021070639345649,2021-07-06,39345649,HESTIA  CLOSET ðŸŒ¸,October,19,2017,40,27827, 10:44:35,31,"Navotas City,Metro Manila",85,10177,374,4.84,0,0
20210706122612617,2021-07-06,122612617,Arlyn.corpuz,January,25,2019,257,1649, 11:22:33,69,"Binondo,Metro Manila",3,65,6,4.58,0,0
20210706382931801,2021-07-06,382931801,Stop And Shop Fashion,February,3,2021,154,39669, 09:25:24,90,"Taytay,Rizal",1534,21058,2422,4.45,0,0
20210706373517388,2021-07-06,373517388,Posh mo yan,January,15,2021,126,2019, 09:27:10,99,"Antipolo City,Rizal",23,1362,53,4.81,0,0
2021070611314636,2021-07-06,11314636,Lush Tiangge RTW Supplier,October,21,2016,199,33258, 11:37:10,11,"Taytay,Rizal",172,23801,547,4.88,0,0
20210706373953071,2021-07-06,373953071,LK Shop ph,January,16,2021,110,25806, 10:08:14,67,"Valenzuela City,Metro Manila",88,20858,520,4.88,0,0
20210706190087960,2021-07-06,190087960,Bella Hermosa Apparel Co.,October,20,2019,64,824, 09:48:38,95,"Taytay,Rizal",8,578,41,4.75,0,0
20210706111406552,2021-07-06,111406552,YD Friend.PH,December,6,2018,320,17949, 11:40:48,49,"Pasay City,Metro Manila",1623,42765,3444,4.63,0,0
20210706133659038,2021-07-06,133659038,VAMPIRE ONLINE PH,March,16,2019,246,80844, 11:09:45,74,"Taytay,Rizal",1944,37343,3104,4.57,0,0
20210706415653911,2021-07-06,415653911,Trend Craze Ph,April,3,2021,21,661, 10:54:39,60,"Binondo,Metro Manila",7,396,23,4.76,0,0
20210706326225532,2021-07-06,326225532,Duolin Apparel Store,October,22,2020,251,32608, 08:40:43,100,,89,13150,245,4.9,1,0
20210706149749719,2021-07-06,149749719,BSCOÂ® PH,May,23,2019,1133,93544, 11:44:18,39,"Sampaloc,Metro Manila",113,7012,261,4.81,0,0
20210706312059830,2021-07-06,312059830,Mezz8 Garments,September,20,2020,164,8151, 13:11:38,16,"Quezon City,Metro Manila",33,3458,155,4.82,0,0
20210706383340326,2021-07-06,383340326,lovely.thrift.finds,February,4,2021,27,20, 09:52:01,79,"Marikina City,Metro Manila",0,17,0,5.0,0,0
2021070619100527,2021-07-06,19100527,Mumu,March,28,2017,309,1683907, 10:19:30,74,"Valenzuela City,Metro Manila",21997,3403406,63473,4.89,1,0
2021070634456815,2021-07-06,34456815,â­ï¸Pink Star Korea Fashion,September,11,2017,382,37346, 10:42:56,75,"Pasay City,Metro Manila",144,16561,457,4.86,0,0
20210706418672464,2021-07-06,418672464,XuXi Apparel Store,April,7,2021,214,15614, 10:23:31,89,,19,3792,85,4.89,1,0
2021070610615128,2021-07-06,10615128,Hex Manila,October,3,2016,239,123195, 12:31:36,31,"Pasig City,Metro Manila",1071,21290,2112,4.54,0,0
20210706297008262,2021-07-06,297008262,Jimei Shop,August,15,2020,31,519, 11:58:19,74,,3,130,10,4.68,0,0
20210706299396535,2021-07-06,299396535,Pretty Comy Women Fashion,August,21,2020,605,68504, 10:36:34,87,,91,14235,355,4.88,0,0
20210706372020341,2021-07-06,372020341,Cre8newtrends PH,January,12,2021,76,3855, 08:52:48,54,"Caloocan City,Metro Manila",20,1031,67,4.72,0,0
20210706281266301,2021-07-06,281266301,clothingpalette.10,July,4,2020,70,96313, 11:26:54,22,"Taytay,Rizal",108,32263,565,4.92,0,0
2021070641056616,2021-07-06,41056616,Eazie  Studio,October,31,2017,519,6782, 11:58:29,30,"Pasay City,Metro Manila",103,3470,236,4.69,0,0
2021070641311013,2021-07-06,41311013,BuyMorePh,November,2,2017,359,1237032, 08:39:13,86,"Pasig City,Metro Manila",62901,964970,93686,4.5,0,0
20210706318520270,2021-07-06,318520270,Essentiel Manila,October,6,2020,279,54657, 08:33:53,100,"Angono,Rizal",31,7387,199,4.88,0,0
20210706273094218,2021-07-06,273094218,xiaoyi.ph,June,11,2020,197,60573, 08:27:19,96,,141,17498,508,4.86,1,0
2021070659054130,2021-07-06,59054130,EAZY GOODS,March,3,2018,309,2837, 11:22:00,48,"Pasay City,Metro Manila",49,1239,97,4.62,0,0
20210706284009378,2021-07-06,284009378,90's Shop Manila ,July,11,2020,63,27906, 08:43:25,90,"Quezon City,Metro Manila",9,2562,59,4.89,1,0
20210706273201142,2021-07-06,273201142,Women's blouse-Crop Top,June,11,2020,1521,31680, 11:49:11,74,,117,13453,448,4.84,0,0
20210706213293624,2021-07-06,213293624,Magandang buhay,December,23,2019,46,34211, 10:10:32,72,,81,6950,335,4.78,0,0
2021070650261908,2021-07-06,50261908,Sew- In Style,December,29,2017,69,32076, 10:24:42,86,"Pasig City,Metro Manila",117,22826,455,4.9,0,0
2021070631488555,2021-07-06,31488555,WPFashionBRA,August,21,2017,396,342226, 08:07:41,80,"Binondo,Metro Manila",3856,363373,12020,4.83,0,0
2021070633547364,2021-07-06,33547364,elegant dress,September,6,2017,378,405962, 10:19:22,97,"Binondo,Metro Manila",12310,218994,18441,4.56,0,0
2021070637390299,2021-07-06,37390299,Jia's Classy Wear PH,October,5,2017,19,129, 08:05:12,53,"Taguig City,Metro Manila",0,49,2,4.88,0,0
20210706140134509,2021-07-06,140134509,sanshop.ph,April,15,2019,246,3655, 09:40:10,79,"Caloocan City,Metro Manila",29,926,75,4.66,0,0
20210706462140676,2021-07-06,462140676,YULINMM.ph,June,8,2021,224,231, 08:27:28,97,,0,35,1,4.92,1,0
20210706304021783,2021-07-06,304021783,amyleerui123.ph,September,2,2020,266,13988, 10:17:49,96,,74,1444,152,4.53,1,0
20210706100011971,2021-07-06,100011971,Korean fashion bags and tee.,October,31,2018,292,1642, 11:34:29,96,"Caloocan City,Metro Manila",9,402,7,4.81,1,0
2021070636061658,2021-07-06,36061658,fantasy forever,September,25,2017,558,51347, 10:55:45,85,"Binondo,Metro Manila",396,47843,1175,4.87,0,0
202107065302656,2021-07-06,5302656,Ulzzaang.ph,May,3,2016,411,149412, 10:13:25,75,"Bacoor,Cavite",191,26249,654,4.87,0,0
20210706141535018,2021-07-06,141535018,Diya Stand,April,22,2019,305,72208, 12:14:52,49,"Binondo,Metro Manila",241,35206,899,4.87,0,0
20210706327526601,2021-07-06,327526601,Afashiongirl.ph,October,25,2020,226,4570, 11:33:48,84,,6,876,27,4.85,0,0
2021070636934404,2021-07-06,36934404,Forever Melody,October,1,2017,529,159998, 10:13:04,90,"Taytay,Rizal",1177,58467,2786,4.76,0,0
20210706348925267,2021-07-06,348925267,GOLF House,December,2,2020,697,132, 09:02:09,96,,0,152,6,4.83,0,0
20210706254711738,2021-07-06,254711738,hello.may.ph,April,27,2020,418,17827, 09:54:26,96,,184,17790,743,4.81,1,0
20210706412536354,2021-07-06,412536354,JK Women's Shopping Mall,March,29,2021,518,526, 08:59:39,98,,3,133,7,4.74,1,0
20210706408422598,2021-07-06,408422598,YJ Blouse,March,22,2021,579,4182, 10:00:17,100,,48,1798,154,4.66,1,0
2021070640491304,2021-07-06,40491304,Beauty and Charming,October,27,2017,1755,44119, 10:27:18,70,,594,9900,825,4.55,0,0
20210706155121457,2021-07-06,155121457,Aileen Fashion,June,13,2019,1013,3945, 10:01:56,84,"San Nicolas,Metro Manila",29,8211,154,4.91,0,0
20210706301812995,2021-07-06,301812995, Zanzea Women's Apparel,August,27,2020,1567,1014, 08:00:11,94,,14,505,15,4.77,1,0
20210706348861745,2021-07-06,348861745,gamisstorebandung1.ph,December,2,2020,330,617, 08:01:26,100,,24,215,22,4.36,0,0
2021070641237167,2021-07-06,41237167,outlet101,November,2,2017,1516,126814, 10:55:07,90,"Valenzuela City,Metro Manila",2918,217792,7778,4.82,1,0
20210706299148481,2021-07-06,299148481,wangli.ph,August,20,2020,169,330, 10:40:10,79,,0,131,6,4.84,0,0
20210706244604039,2021-07-06,244604039,Cherry'sBeauty,April,13,2020,1102,46382, 08:34:14,100,,126,10812,430,4.81,1,0
20210706151149464,2021-07-06,151149464,fudou.ph,May,27,2019,165,54, 08:43:42,36,,4,57,9,4.39,0,0
20210706326083863,2021-07-06,326083863,Kamurri.clothing,October,22,2020,36,951, 09:09:57,79,"Cainta,Rizal",9,910,47,4.79,0,0
2021070635044762,2021-07-06,35044762,RRX OnlineShop,September,16,2017,2315,342013, 13:09:40,50,"Binondo,Metro Manila",4548,168767,10137,4.7,0,0
20210706328781757,2021-07-06,328781757,Giselle G&G studio,October,28,2020,302,24901, 09:51:46,88,,25,3872,106,4.88,1,0
20210706323746985,2021-07-06,323746985,natapparel,October,17,2020,11,66, 11:32:48,55,"Quezon City,Metro Manila",2,381,6,4.87,0,0
2021070617325060,2021-07-06,17325060,joymarcelo_rtwclothing,March,1,2017,1183,371436, 10:33:04,79,"San Mateo,Rizal",2455,183460,6180,4.83,1,0
2021070685464254,2021-07-06,85464254,R.M SHOP,August,21,2018,338,8890, 12:29:44,29,"Binondo,Metro Manila",85,13637,334,4.88,0,0
20210706262845064,2021-07-06,262845064,weabbyph.ph,May,16,2020,308,41040, 10:55:27,68,,121,10247,368,4.83,0,0
20210706182921536,2021-07-06,182921536,woyun.ph,September,27,2019,272,24339, 10:09:26,33,,474,7563,765,4.51,0,0
20210706365058565,2021-07-06,365058565,LUCKY.HOUSE,December,29,2020,286,831, 12:26:31,50,"Tondo I / Ii,Metro Manila",9,569,20,4.83,0,0
20210706368444703,2021-07-06,368444703,Shopping Your Wardrobe,January,5,2021,179,1258, 09:28:56,74,"Caloocan City,Metro Manila",5,249,8,4.79,0,0
20210706192699788,2021-07-06,192699788,korean top and oversized shirt,October,28,2019,1316,31536, 12:49:01,65,,124,10290,421,4.82,0,0
20210706299067558,2021-07-06,299067558,moodeel.ph,August,20,2020,500,2450, 09:27:33,98,,22,633,31,4.71,0,0
20210706467411881,2021-07-06,467411881,xinyuanmeifushi.ph,June,15,2021,129,280, 10:04:28,85,,0,4,0,5.0,0,0
20210706331790042,2021-07-06,331790042,Crop Top & Korean Top,November,3,2020,707,93345, 11:15:29,99,,187,17087,541,4.84,0,0
20210706125534764,2021-07-06,125534764,AAA_Korean_Fashion,February,9,2019,396,3104, 10:31:52,86,"San Nicolas,Metro Manila",16,628,31,4.75,0,0
20210706259027993,2021-07-06,259027993,ZIAsPreloved,May,7,2020,391,232, 10:12:28,28,"Paranaque City,Metro Manila",3,489,11,4.89,0,0
2021070650106625,2021-07-06,50106625,LGOH.PH,December,28,2017,327,67831, 11:16:14,70,"Pasay City,Metro Manila",541,61420,1641,4.87,0,0
20210706451285102,2021-07-06,451285102,M&G Collection,May,25,2021,27,1099, 08:21:56,99,"Cabuyao,Laguna",0,113,0,4.98,0,0
20210706199847719,2021-07-06,199847719,cooperneo.ph--women fashion,November,15,2019,260,3701, 08:43:30,100,,81,2212,181,4.62,1,0
20210706162058206,2021-07-06,162058206,Wanderwoman0920,July,11,2019,103,503, 09:16:37,63,"Tondo I / Ii,Metro Manila",2,604,7,4.94,0,0
20210706393059557,2021-07-06,393059557,Baclaran_rembrose,February,25,2021,221,5112, 10:28:07,78,"Pasay City,Metro Manila",0,23,1,4.88,0,0
20210706321963009,2021-07-06,321963009,xinxia.ph,October,13,2020,984,1006, 09:43:44,83,,4,349,22,4.74,0,0
2021070630386163,2021-07-06,30386163,kcshoppe,August,11,2017,378,27056, 12:42:31,67,"Pasig City,Metro Manila",60,18524,326,4.91,0,0
2021070679439002,2021-07-06,79439002,J.A Online Shop,July,15,2018,206,16276, 11:42:32,12,"Mandaluyong City,Metro Manila",66,3692,213,4.74,0,0
20210706288394116,2021-07-06,288394116,Z&HðŸŒ¿shop,July,23,2020,333,16198, 08:43:25,98,,31,5925,176,4.86,1,0
20210706375853108,2021-07-06,375853108,kasutbb.ph,January,20,2021,169,24, 14:01:39,62,,1,33,2,4.72,0,0
20210706219216737,2021-07-06,219216737,XRUI â¤ Womenjacket,January,14,2020,444,5247, 08:39:57,100,,68,1685,124,4.61,1,0
20210706311773458,2021-07-06,311773458,Fit Me PH,September,19,2020,249,14925, 09:18:14,98,"Caloocan City,Metro Manila",8,97,22,4.27,0,0
2021070623250659,2021-07-06,23250659,Vida Swimwear,May,24,2017,1182,392478, 11:11:56,89,"Valenzuela City,Metro Manila",3633,451949,12603,4.86,1,0
20210706409900486,2021-07-06,409900486,perryclothes.ph,March,25,2021,1,6, 17:16:55,67,"Quezon City,Metro Manila",0,2,0,5.0,0,0
20210706296410964,2021-07-06,296410964,uranus.ph,August,14,2020,87,1479, 10:51:47,92,,6,287,12,4.76,1,0
20210706346007914,2021-07-06,346007914,ruoruizm.ph,November,27,2020,641,437, 10:51:36,68,,6,89,4,4.56,0,0
20210706303372405,2021-07-06,303372405,GDTima2.ph,August,31,2020,662,61729, 09:54:35,97,,237,15180,704,4.77,1,0
2021070636754442,2021-07-06,36754442,KathrynClothing,September,30,2017,544,518437, 10:06:34,90,"Taytay,Rizal",4800,235687,10965,4.76,0,0
20210706147240166,2021-07-06,147240166,88jackshop,May,14,2019,239,2986, 08:59:06,78,"Caloocan City,Metro Manila",21,964,83,4.69,0,0
20210706177084026,2021-07-06,177084026,Maj's Collection,September,8,2019,55,951, 09:02:02,82,"Dasmarinas City,Cavite",1,394,5,4.95,0,0
20210706421975393,2021-07-06,421975393,Fairy Women.ph,April,12,2021,326,2303, 09:24:55,96,,3,215,10,4.78,0,0
2021070642199012,2021-07-06,42199012,showmestyle.ph,November,8,2017,1307,20155, 12:27:29,85,,595,19318,1128,4.7,0,0
2021070699638316,2021-07-06,99638316,Eveâ€™s Clothing,October,29,2018,4,108, 10:08:57,62,"Bagac,Bataan",0,4,1,4.6,0,0
2021070697626012,2021-07-06,97626012,cozyclothingph,October,21,2018,43,2948, 11:07:43,81,"Pasig City,Metro Manila",7,498,28,4.75,0,0
20210706292495133,2021-07-06,292495133,ART_MAN,August,4,2020,918,5047, 09:01:11,98,,106,2996,219,4.63,0,0
2021070643859752,2021-07-06,43859752,fuji.phâ€”Fashion men,November,17,2017,270,9874, 09:15:29,91,,160,1642,230,4.31,0,0
20210706343498159,2021-07-06,343498159,men_clothes.ph,November,23,2020,1261,631, 09:51:00,100,,21,260,25,4.44,0,0
20210706237008067,2021-07-06,237008067,KT Clothing Studio,March,18,2020,2753,68208, 08:39:22,99,,1295,31219,2525,4.59,1,0
2021070659347195,2021-07-06,59347195,JUNE 29 shop,March,5,2018,400,12681, 11:41:08,60,"Bacoor,Cavite",890,20563,1471,4.62,0,0
20210706262503614,2021-07-06,262503614,juness.ph,May,15,2020,530,26716, 09:25:47,94,,214,7357,563,4.65,0,0
20210706315439968,2021-07-06,315439968,W-KING,September,28,2020,136,1152, 10:10:32,97,,44,877,106,4.51,1,0
20210706315439847,2021-07-06,315439847,HY Store,September,28,2020,125,10861, 10:05:06,98,,327,4925,532,4.5,1,0
20210706412764444,2021-07-06,412764444,la6rsf90hp,March,29,2021,10,328, 09:18:54,75,"Quezon City,Metro Manila",0,26,0,4.96,0,0
20210706372895129,2021-07-06,372895129,haibinzoulu.ph,January,14,2021,122,2048, 08:48:08,100,,40,1810,97,4.73,1,0
20210706341569925,2021-07-06,341569925,Tonystore.ph,November,19,2020,1000,17, 10:05:14,75,,2,20,2,4.38,0,0
2021070635369989,2021-07-06,35369989,ICM.STORE,September,19,2017,285,58946, 12:22:41,25,"Navotas City,Metro Manila",2458,71065,4416,4.67,0,0
20210706277380946,2021-07-06,277380946,Men's Clothing Oolong Club,June,23,2020,438,9911, 10:03:31,96,,347,4759,496,4.47,0,0
20210706331265826,2021-07-06,331265826,lilishow002.ph,November,2,2020,1070,3729, 10:58:48,91,,23,873,62,4.69,0,0
20210706405162349,2021-07-06,405162349,Tooyooman,March,17,2021,23,205, 09:56:11,98,,8,85,8,4.46,1,0
2021070647114599,2021-07-06,47114599,Simplediva,December,9,2017,79,34690, 09:52:02,91,"Valenzuela City,Metro Manila",797,64748,2156,4.82,1,0
2021070651801232,2021-07-06,51801232,DriFIT,January,10,2018,62,17122, 11:17:14,94,"Valenzuela City,Metro Manila",296,24134,860,4.82,0,0
2021070664151604,2021-07-06,64151604,HUILISHI MEN'S FASHIONG,April,7,2018,233,34183, 10:14:30,91,"Pasay City,Metro Manila",803,49515,1851,4.81,0,0
20210706202193803,2021-07-06,202193803,JFD Shop,November,23,2019,359,6618, 09:51:07,99,,403,10227,767,4.64,0,0
20210706128494608,2021-07-06,128494608,T.F.H_FASHION,February,23,2019,350,6911, 09:23:57,88,"Pasay City,Metro Manila",214,11870,553,4.76,0,0
20210706216736857,2021-07-06,216736857,KICKSFASHIONWEAR,January,5,2020,161,11121, 13:19:32,76,"Pasay City,Metro Manila",168,13583,475,4.82,0,0
20210706171344353,2021-07-06,171344353,sky171,August,19,2019,349,4410, 10:58:31,97,"Tondo I / Ii,Metro Manila",179,3893,402,4.56,0,0
2021070662404318,2021-07-06,62404318,LuckyFashion,March,26,2018,335,234353, 10:34:46,45,"Navotas City,Metro Manila",6896,315881,15417,4.74,0,0
20210706161746899,2021-07-06,161746899,Elegant Men's Clothing Store,July,10,2019,306,1950, 12:44:06,58,,60,778,82,4.46,0,0
20210706139558229,2021-07-06,139558229,media.ph,April,12,2019,341,44117, 09:23:04,100,"Tondo I / Ii,Metro Manila",1452,31693,3029,4.56,0,0
2021070635902344,2021-07-06,35902344,SHOP HUILISHI,September,24,2017,225,59474, 12:47:18,85,"Pasay City,Metro Manila",760,62173,2133,4.82,1,0
20210706302157781,2021-07-06,302157781,GiiMall.ph,August,28,2020,906,6425, 10:13:53,81,,192,5811,394,4.67,1,0
2021070675150237,2021-07-06,75150237,ykmencollection,June,18,2018,70,1797, 10:03:52,49,"Pasay City,Metro Manila",21,2421,63,4.86,0,0
20210706302250255,2021-07-06,302250255,Zero Tide Hanbok,August,28,2020,575,12304, 10:02:32,96,,144,3985,329,4.63,1,0
2021070669635896,2021-07-06,69635896,DD-ONE  Fashion shop,May,16,2018,212,14828, 10:55:57,76,"Pasay City,Metro Manila",163,11112,472,4.81,0,0
20210706254758936,2021-07-06,254758936,Mr.H_Fashion Clothes,April,27,2020,363,16194, 10:30:11,97,,206,3020,315,4.48,0,0
2021070686411248,2021-07-06,86411248,EMILI-Y & U-VY FASHION,August,27,2018,706,511309, 08:44:36,98,"Las Pinas City,Metro Manila",10988,864941,33005,4.81,0,0
20210706265511974,2021-07-06,265511974,KCJ Men's,May,22,2020,263,2638, 10:04:27,93,,74,1010,117,4.45,0,0
20210706396715759,2021-07-06,396715759,(MEILUN)Men's Fashion,March,3,2021,128,113, 09:01:19,99,,5,81,9,4.45,0,0
20210706398300573,2021-07-06,398300573,ATS.shop,March,6,2021,32,184, 12:56:07,26,"Binondo,Metro Manila",10,541,35,4.72,0,0
20210706311167337,2021-07-06,311167337,Korean House,September,18,2020,376,1323, 10:35:29,97,,17,605,48,4.66,0,0
20210706455548857,2021-07-06,455548857,mr.monkey.ph,May,31,2021,1000,62, 09:52:49,97,,0,6,1,4.71,0,0
20210706403612075,2021-07-06,403612075,Kaabin,March,15,2021,52,689, 10:24:36,97,,20,344,40,4.5,1,0
20210706266644184,2021-07-06,266644184,JUNEtime Shop,May,26,2020,775,33341, 09:34:50,97,,657,15721,1370,4.6,1,0
20210706263745732,2021-07-06,263745732,bingjian.ph,May,18,2020,432,26789, 10:41:24,98,,744,10857,1176,4.47,0,0
2021070693330925,2021-07-06,93330925,CLASSY CURVE SHOP,September,29,2018,18,17, 08:05:20,93,"Angat,Bulacan",0,1,0,5.0,0,0
20210706320297728,2021-07-06,320297728,Fanko.ph,October,9,2020,50,37, 08:00:12,100,,2,28,2,4.47,0,0
20210706446875373,2021-07-06,446875373,Imprint  Boy_Clothes,May,19,2021,316,14, 12:43:37,100,,0,0,0,,0,0
20210706147134021,2021-07-06,147134021,Welford Men,May,14,2019,1638,4769, 11:05:57,23,"Quezon City,Metro Manila",15,4262,40,4.94,0,0
20210706453331613,2021-07-06,453331613,å°é¾™ä¸“å–â€”â€”æ—¥ç”¨ç™¾è´§,May,28,2021,118,339, 10:01:57,34,,0,2,0,5.0,0,0
20210706314266101,2021-07-06,314266101,Fat Brothers men's Store,September,25,2020,464,6754, 09:34:04,97,,176,3082,330,4.51,0,0
20210706401150074,2021-07-06,401150074,ZK Boutique clothing store,March,11,2021,313,329, 11:16:09,98,,20,268,19,4.49,1,0
20210706154035407,2021-07-06,154035407,happyeveryday888,June,8,2019,236,27981, 11:15:25,87,"Pasay City,Metro Manila",660,25889,1816,4.69,0,0
20210706156756973,2021-07-06,156756973,huiluotuo.ph,June,20,2019,376,10422, 11:14:20,75,,341,6417,553,4.56,0,0
20210706345249237,2021-07-06,345249237,EZGOING,November,26,2020,468,4190, 11:35:43,63,,51,941,99,4.52,0,0
20210706283754579,2021-07-06,283754579,No. 3 men's clothing store,July,10,2020,623,11061, 10:40:39,80,,318,4763,580,4.44,0,0
20210706328100399,2021-07-06,328100399,luensi fashion men's,October,26,2020,89,1308, 08:25:45,100,,102,2266,256,4.54,1,0
20210706136746139,2021-07-06,136746139,Solomon costumes,March,30,2019,110,3100, 13:10:14,57,"Pasay City,Metro Manila",81,1549,131,4.57,0,0
20210706371422543,2021-07-06,371422543,Mollge,January,11,2021,93,3139, 09:49:41,100,,107,1815,153,4.54,0,0
20210706382851455,2021-07-06,382851455,sandalldd.ph,February,3,2021,158,27, 13:02:52,75,,1,10,1,4.42,0,0
20210706280520761,2021-07-06,280520761,womenshirt.ph,July,2,2020,187,2841, 09:28:50,100,,21,691,34,4.72,1,0
2021070652679673,2021-07-06,52679673,DA&ABOUT THE FIT,January,16,2018,35,1413, 09:21:12,86,"Taytay,Rizal",9,500,40,4.7,1,0
20210706456337069,2021-07-06,456337069,Harajuku T-shirt,June,1,2021,58,336, 12:15:55,55,"Quezon City,Metro Manila",8,169,13,4.6,0,0
20210706136491290,2021-07-06,136491290,WittYGiRL,March,29,2019,1292,119677, 09:36:02,100,,235,42275,950,4.88,1,0
2021070636222507,2021-07-06,36222507,Beauty Fashion,September,26,2017,553,24721, 09:36:42,88,"Pasay City,Metro Manila",299,17799,689,4.8,0,0
20210706264590394,2021-07-06,264590394,CLAIRE CLOTHING,May,20,2020,550,205867, 10:10:33,89,"Taytay,Rizal",1523,72297,3510,4.76,0,0
20210706419236946,2021-07-06,419236946,ShawtyBoutique,April,8,2021,184,1160, 09:02:09,93,,2,111,5,4.79,1,0
2021070620446518,2021-07-06,20446518,Floral dress,April,17,2017,425,54230, 13:27:40,67,"Binondo,Metro Manila",1474,37570,2862,4.62,0,0
2021070640841188,2021-07-06,40841188,XiaoZhaiNv Women's clothing,October,30,2017,1746,108480, 09:17:29,99,,312,30477,952,4.83,1,0
2021070643841660,2021-07-06,43841660,peterang.999,November,17,2017,1526,64512, 12:04:06,56,"Tondo I / Ii,Metro Manila",817,106582,2112,4.89,0,0
20210706341350505,2021-07-06,341350505,xiaoran.ph,November,19,2020,937,49414, 09:21:56,99,,48,5781,137,4.88,1,0
20210706390661481,2021-07-06,390661481,Eternal Love Women's Clothing ,February,20,2021,310,3381, 08:21:26,95,,56,1738,134,4.64,1,0
20210706420881087,2021-07-06,420881087,J&W Fashion,April,11,2021,133,580, 09:45:30,99,,6,65,7,4.47,1,0
2021070611187885,2021-07-06,11187885,Little Market Manila,October,18,2016,482,80243, 11:57:49,91,"Caloocan City,Metro Manila",826,45410,2768,4.73,1,0
20210706126018720,2021-07-06,126018720,croptop korean top dress,February,12,2019,1509,76654, 11:17:06,94,,371,24143,996,4.8,1,0
2021070650582861,2021-07-06,50582861,Miss A PH,January,1,2018,324,73811, 11:40:11,44,"Taytay,Rizal",352,54876,1337,4.88,0,0
2021070649814692,2021-07-06,49814692,C&M shop.PH,December,26,2017,1933,202473, 11:06:30,90,,957,58056,2798,4.76,1,0
2021070610377223,2021-07-06,10377223,R&O RedOrange,September,27,2016,225,718371, 08:27:54,89,"Pasay City,Metro Manila",5002,1153298,19431,4.91,1,0
20210706419928844,2021-07-06,419928844,Only For Youï¼Œtoday,April,9,2021,356,1061, 09:04:02,98,,30,426,47,4.46,0,0
20210706291022738,2021-07-06,291022738,sy.maII,July,31,2020,137,3414, 12:23:40,13,"Paranaque City,Metro Manila",554,4640,659,4.3,0,0
2021070639898577,2021-07-06,39898577,shienacu,October,23,2017,374,52780, 10:12:24,97,"San Nicolas,Metro Manila",343,50030,1146,4.88,0,0
202107061083822,2021-07-06,1083822,Naked Clothing PH,October,11,2015,480,410503, 12:31:26,51,"Taytay,Rizal",2387,343050,8164,4.88,0,0
2021070632632247,2021-07-06,32632247,WALIn shoes ðŸ‘ ,August,30,2017,860,230256, 12:01:30,24,"Binondo,Metro Manila",620,111870,2090,4.9,0,0
20210706130651949,2021-07-06,130651949,S & U,March,3,2019,403,49696, 11:15:52,83,"San Nicolas,Metro Manila",634,45896,1562,4.83,0,0
2021070635372816,2021-07-06,35372816,Yvonâ€˜s bag,September,19,2017,112,295944, 10:18:05,59,"Binondo,Metro Manila",4431,394137,11421,4.85,0,0
20210706389973330,2021-07-06,389973330,loveflower--Fashion women's,February,19,2021,811,8957, 09:28:38,100,,25,1755,49,4.84,1,0
20210706453049862,2021-07-06,453049862,ycshop568.ph,May,28,2021,48,39, 10:36:44,100,,0,0,0,,0,0
2021070655748694,2021-07-06,55748694,SS Swim Shop Fashion,February,7,2018,306,1590378, 10:01:49,85,"Taytay,Rizal",25325,1256252,63486,4.75,0,0
2021070650114777,2021-07-06,50114777,BCUA Lingerie Bra and Panty,December,28,2017,534,113865, 11:16:00,55,"Pasay City,Metro Manila",6389,325315,14994,4.77,0,0
20210706141606030,2021-07-06,141606030,ðŸŒ¿ Peppermint Shop,April,22,2019,4206,28039, 08:20:51,67,,71,6026,185,4.83,0,0
20210706325618926,2021-07-06,325618926,Be Young Life,October,21,2020,120,14578, 09:40:53,93,,29,2830,93,4.85,1,0
20210706416886409,2021-07-06,416886409,vaapo.ph,April,4,2021,620,228, 09:44:25,94,,0,36,1,4.89,1,0
20210706419954100,2021-07-06,419954100,Fall in love with you,April,9,2021,662,12968, 09:33:28,59,,21,1092,63,4.75,0,0
2021070664360491,2021-07-06,64360491,Yzkzks.ph,April,9,2018,650,80591, 10:41:36,92,"Pasay City,Metro Manila",385,55669,1161,4.89,0,0
2021070616590993,2021-07-06,16590993,Adol Janet ,February,14,2017,473,513469, 12:55:27,78,"Binondo,Metro Manila",2506,297528,9597,4.84,0,0
20210706449182992,2021-07-06,449182992,Yacent_thrift_Clo,May,22,2021,16,115, 08:45:30,86,"Legazpi City,Albay",0,32,0,5.0,0,0
20210706396605392,2021-07-06,396605392,Akistore.ph,March,3,2021,84,84, 08:01:23,91,,1,9,0,4.6,0,0
20210706360379308,2021-07-06,360379308,Yzanice Shop,December,20,2020,78,5982, 08:46:30,96,,16,463,16,4.75,1,0
2021070629392066,2021-07-06,29392066,Clairecvc Shop,August,2,2017,964,44029, 12:19:44,73,"Binondo,Metro Manila",1960,103289,3982,4.78,0,0
2021070625811092,2021-07-06,25811092,angelcity.ðŸ’‹,June,17,2017,272,868370, 10:02:42,36,"Pasay City,Metro Manila",13401,708666,30799,4.77,0,0
